index,smiles,label
0,C#CC[C@@]1(C(=O)NC)CCCN1Cc1ccc(OCCCC(=O)NCc2ccc(F)c(F)c2F)c(OC)c1,0
1,C#CC[C@@]1(C(=O)NC)CCCN1Cc1ccc(OCc2cccc(C(=O)NCc3nncn3C)c2)c(OC)c1,0
2,C#CC[C@@]1(C(=O)NC)CCCN1Cc1ccc(OCc2ccccc2)c(C(=O)N(C)Cc2ccc(COC)cn2)c1,0
3,C#CC[C@@]1(C(=O)NC)CCCN1Cc1cccc(C(=O)Nc2cc(Cl)ccc2F)n1,0
4,C=CCC1(C(=O)NC)CCCN1Cc1cc(OC)ccc1OCC(=O)Nc1ccc(Cl)c(OC)c1,0
5,C=CCC1(C(=O)NC)CCCN1Cc1cccc(OCCC(=O)NCC(=O)NC2CCC2)c1,0
6,C=CCOC(=O)N1CCN(C(=O)c2ccc(-c3ccc(CN)cc3)cc2S(C)(=O)=O)[C@H](COCc2ccccc2)[C@@H]1CC(=O)NC,0
7,C=CCOC(=O)N1CCN(C(=O)c2ccnc3cc(-c4cnc5cc[nH]c5c4)ccc23)[C@@H](C)[C@H]1CC(=O)NC,0
8,C=CCOC(=O)N1CCN(Cc2cc(-c3cccnc3C)nc3c2OCCC3)[C@@H](C)[C@H]1CC(=O)NC,0
9,C=CCOC(=O)N1CCN(Cc2ccc(-c3ccc(OC(F)(F)F)c(F)c3)cc2)[C@@H](Cc2ccccc2)[C@H]1CC(=O)NC,0
10,C=CCOC(=O)N1[C@@H](CC(=O)NC)CN(C(=O)Cc2ccccc2-c2ccc(S(=O)(=O)N3CCCC3)cc2)C[C@@H]1CC(C)C,0
11,C=CCOC(=O)N1[C@@H](COCc2ccccc2)CN(C(=O)c2cccc(-c3ccc(C(C)(C)C)cc3)c2)C[C@@H]1CC(=O)NC,0
12,C=CCOC(=O)N1[C@H](CC(=O)NC)CN(C(=O)CC(C)n2cc(-c3cccc(OC(C)C)c3F)cn2)C[C@@H]1CC(C)C,0
13,C=CCOC(=O)N1[C@H](CC(=O)NC)CN(C(=O)Cc2ccc(-c3ccc(C(N)=O)cc3)c(Br)c2)C[C@H]1CC(C)C,0
14,C=CCOC(=O)N1[C@H](CC(=O)NC)CN(C(=O)c2ccc(-c3cc(OC(F)(F)F)ccc3OC)c(S(N)(=O)=O)c2)C[C@H]1CC(C)C,0
15,C=CCOC(=O)N1[C@H](CC(=O)NC)CN(Cc2cncc(-c3ccc(N)c(F)c3)c2)C[C@@H]1CC(C)C,0
16,C=CCOC(=O)N1[C@H](COCc2ccccc2)CN(C(=O)c2coc(-c3cccc(C#N)c3)n2)C[C@@H]1CC(=O)NC,0
17,C=CCOc1ccc(-c2nc3cc(CN4CCC(COC)CC4)cnc3n2[C@@H]2CC[C@H](C(=O)NC)C2)cc1,0
18,C=CCOc1ccc(-c2nc3ccc(O)c(CN(C)CC(=O)NC4CCC(O)CC4)c3n2[C@H]2CCC[C@@H](C(=O)NC)C2)cc1,0
19,C=CCOc1ccc(-c2nc3cccc(CN(C)CC(=O)Nc4nccs4)c3n2[C@H]2CC[C@@H](CC(=O)NC)CC2)cc1,0
20,C=CCOc1ccc(-c2nc3cccc(CN(C)Cc4ccc(CC)nc4)c3n2-c2ccc(C(=O)NC)cc2)cc1,0
21,C=CCOc1ccc(-c2nc3cccc(CN(C)Cc4csc(C)n4)c3n2-c2c(C)cc(C(=O)NC)cc2C)cc1,0
22,C=CCOc1ccc(-c2nc3cccc(CN(C)[C@@H](C)c4ccccc4)c3n2[C@H]2CC[C@@H](C(=O)NC)CC2)cc1,0
23,C=CCOc1ccccc1-c1nc2cc(CN(C)[C@H](C)C(=O)NC)cnc2n1-c1ccc(C(=O)NC)c(OC)c1,0
24,C=CCOc1ccccc1-c1nc2cc(CNCCc3ccnn3C)ccc2n1C[C@@H]1C[C@H]1C(=O)NC,0
25,C=CCOc1ccccc1-c1nc2cc(CN[C@@H](CC)Cn3ccnc3)cnc2n1[C@H](CC(=O)NC)C(F)(F)F,0
26,C=CCOc1ccccc1-c1nc2cc(CN[C@]3(c4ccccc4)CC[C@H](C)C3)cnc2n1[C@H]1CC[C@H](C(=O)NC)CC1,0
27,C=CCOc1ccccc1-c1nc2ccc(O)c(CN(C(C)C)C(C)C)c2n1-c1cccc(C(=O)NC)c1,0
28,C=CCOc1ccccc1-c1nc2cccc(CN(CCO)[C@H](C)c3ccccc3)c2n1-c1ccc(C(=O)NC)cc1,0
29,C=CCOc1ccccc1-c1nc2cccc(CN3CC(F)(F)OC(F)(F)C3)c2n1-c1ccc(C(=O)NC)cc1C,0
30,C=CCOc1ccccc1-c1nc2cccc(CNCC(=O)NCC(F)F)c2n1C1CC2(CC(C(=O)NC)C2)C1,0
31,C=CCOc1ccccc1-c1nc2cccc(CNCCn3ccccc3=O)c2n1[C@@H](CC(=O)NC)Cc1ccccc1,0
32,C=CCOc1ccccc1CNc1cc(OC)cc2c(Cc3cn(CC(=O)N4CCC(C(=O)NC)CC4)nc3-c3ccc(OC)cc3)c[nH]c12,0
33,C=CCOc1ccccc1CNc1ccc2[nH]c(C3CC3)c(Cc3c(C(=O)NCCOCCOCCOCCOCCC(=O)NC)[nH]c4ccc(F)cc34)c2c1,0
34,C=Cn1ncc(CNCc2ccc3[nH]cc(Cc4cn(Cc5ccc(C(=O)NCCOCCOCCOCCOCCC(=O)NC)o5)c5ccccc45)c3c2)c1C,0
35,CCC(=O)NC1CCN(C(=O)c2ccccc2COc2ccc(CN3C[C@@H]4C[C@H]3CN4Cc3cccc(C(=O)NC)c3)cc2)CC1,0
36,CCC(C#Cc1ccc(C[C@H](NCc2ccc(C)cc2)C(=O)N2CCC(C(=O)NC)CC2)s1)(CC)NC(=O)c1cccc(C(F)(F)F)c1,0
37,CCC(C#Cc1cccc([C@H]2CN(Cc3c(C)nc4sccn34)C[C@@H]2C(=O)N2CC(CCC(=O)NC)C2)c1)(CC)NC(=O)c1cccc(C(F)(F)F)c1,0
38,CCC(C#Cc1cccc([C@H]2CN(S(=O)(=O)c3ccccc3OC(F)(F)F)C[C@@H]2C(=O)N2CC(C(=O)NC)C2)c1)(CC)NC(=O)c1c(C)noc1C,0
39,CCC(C(=O)N1CCC(C(=O)NC)C1)n1cc(Cc2c(C)[nH]c3cccc(NCC(O)CO)c23)c2ccccc21,0
40,CCC(C(=O)N1CCC(C(=O)NC)C1)n1cc(Cc2c[nH]c3c(C)cc(CNCc4c[nH]c5c(C)cccc45)cc23)c2ccccc21,0
41,CCC(C(=O)N1CCC(C(=O)NC)CC1)n1cc(Cc2c(C(C)NC(=O)C(C)NS(=O)(=O)c3ccccc3Cl)[nH]c3ccc(Br)cc23)c2ccccc21,0
42,CCC(C(=O)N1CCC(C(=O)NC)CC1)n1cc(Cc2c(CNC(=O)Nc3cccc(Cl)c3)[nH]c3ccc(C)cc23)c2ccccc21,0
43,CCC(C(=O)N1CCC(C(=O)NC)CC1)n1cc(Cc2c(NC(=O)C(C)(C)NS(=O)(=O)c3cccs3)[nH]c3ccc(Cl)cc23)c2ccccc21,0
44,CCC(C(=O)N1CCC(CC(=O)NC)CC1)n1cc(Cc2c[nH]c3cc(C)c(NC(=O)c4ccc(-c5ccsc5)cc4)cc23)c2ccccc21,0
45,CCC(C(=O)N1CCC(CCC(=O)NC)CC1)n1cc(Cc2c[nH]c3ccc(NC(=O)CNc4ncnc5sc(C)c(C)c45)c(C)c23)c2ccccc21,0
46,CCC(C(=O)N1CCN(CC(=O)NC)CC1)n1cc(Cc2c(C3CC3)[nH]c3ccc(NS(=O)(=O)c4cccc5nn(C)nc45)cc23)c2ccccc21,0
47,CCC(C(=O)NC)n1cc(Cc2c(-c3ccccc3NCc3cnc(N4CCCC4)nc3)[nH]c3ccccc23)c2ccccc21,0
48,CCC(C(=O)NC)n1cc(Cc2c[nH]c3cc(C)c(CNCc4cn(C(C)C)c5ccccc45)cc23)c2ccccc21,0
49,CCC(C(=O)NC1CCC(C(=O)NC)CC1)n1cc(Cc2c(CNS(=O)(=O)c3cc(NC(C)=O)ccc3C)[nH]c3ccc(OC)cc23)c2ccccc21,0
50,CCC(C(=O)NC1CCC(C(=O)NC)CC1)n1cc(Cc2c[nH]c3cccc(NC(=O)C4=NN=C(c5ccco5)C4)c23)c2ccccc21,0
51,CCC(C(=O)NCCC(=O)NC)n1cc(Cc2c[nH]c3c(NC(=O)c4cc(C)n(Cc5ccco5)c4C)cc(OC)cc23)c2ccccc21,0
52,CCC(C(=O)NCCOCCOCCOCCOCCC(=O)NC)n1cc(Cc2c(CNC(=O)CNS(=O)(=O)c3cccc4cccnc34)[nH]c3ccc(OC)cc23)c2ccccc21,0
53,CCC(C)(C)CN1C[C@H](C(=O)N2CCN(CC(=O)NC)CC2)[C@@H](c2cccc(-c3ccc(C(=O)Nc4ncc[s]4)cc3)c2)C1,0
54,CCC(C)(C)CNc1ccc(Sc2ccc(-c3cccc(S(=O)(=O)NCc4ccc(OC)cc4)c3)cc2)c(C(=O)N2CC(C(=O)NC)C2)c1,0
55,CCC(C)(C)Cc1nc2cc(CN3CC4(CNC(=O)N4C)C3)ccc2n1[C@H](CC(=O)NC)c1cccnc1,0
56,CCC(C)(C)Cc1nc2cc(CNCc3ccc4oc(=O)[nH]c4c3)ccc2n1[C@@H](CC(=O)NC)Cc1ccccc1,0
57,CCC(C)(C)Cc1nc2cc(CN[C@H](CCC(C)C)c3ccccc3)ccc2n1[C@@H]1CC[C@H](C(=O)NC)C1,0
58,CCC(C)(C)Cc1nc2ccc(O)c(CNCC3(O)CCOCC3)c2n1-c1ccccc1CC(=O)NC,0
59,CCC(C)(C)NCc1c(O)ccc2nc(-c3cc(F)c(F)cc3F)n(-c3ccc(C(=O)NC)c(C)c3)c12,0
60,CCC(C)(C)NCc1cccc2nc(C3CC(OC)C3)n(-c3cc(C(=O)NC)ccc3C)c12,0
61,CCC(C)(C)NCc1cnc2c(c1)nc(C1CCC3(CC1)CC3)n2-c1cc(C(=O)NC)ccc1C,0
62,CCC(C)(C)c1nc2cc(CN(C)[C@H](C)c3nnn[nH]3)ccc2n1-c1ccc(C)c(C(=O)NC)c1,0
63,CCC(C)(C)c1nc2cc(CN3CCCN(S(C)(=O)=O)CC3)cnc2n1-c1c(OC)cccc1C(=O)NC,0
64,CCC(C)(C)c1nc2cc(CNCC(=O)N3CCOCC3)cnc2n1-c1c(C)cc(C(=O)NC)cc1C,0
65,CCC(C)(C)c1nc2cc(CNCCNC(=O)c3ccno3)cnc2n1[C@@H]1C[C@H]1C(=O)NC,0
66,CCC(C)(C)c1nc2cc(CNCCOc3ccc(C)cc3)ccc2n1[C@H]1CCC[C@@H](C(=O)NC)C1,0
67,CCC(C)(C)c1nc2cc(CNCc3ccc(C)cc3)cnc2n1[C@H]1CC[C@@H](C(=O)NC)C1,0
68,CCC(C)(C)c1nc2cc(CNCc3ccc(CO)cc3)ccc2n1[C@@H]1CC[C@H](C(=O)NC)C1,0
69,CCC(C)(C)c1nc2cc(CN[C@@H]3CCN(Cc4ccccc4)C3)cnc2n1-c1ccccc1CC(=O)NC,0
70,CCC(C)(C)c1nc2ccc(O)c(CNC3CCC3)c2n1[C@H]1CCC[C@@H](C(=O)NC)C1,0
71,CCC(C)(C)c1nc2ccc(O)c(CNCc3nc4ccccc4s3)c2n1-c1cccc(C(=O)NC)c1,0
72,CCC(C)(C)c1nc2cccc(CN3C[C@@H]4CC[C@H](C3)C(=O)N4)c2n1[C@H](CC(=O)NC)C(F)(F)F,0
73,CCC(C)(CC)NCc1c(O)ccc2nc(C3(OC)CCCC3)n([C@@H]3CC[C@@H](C(=O)NC)C3)c12,0
74,CCC(C)(CC)NCc1ccc2c(c1)nc(C1CCC(C(C)C)CC1)n2[C@H]1CC[C@@H](CC(=O)NC)CC1,0
75,CCC(C)(CC)NCc1cccc2nc(-c3ccc(OC)c(OCc4ccccc4)c3)n([C@@H]3CC[C@@H](C(=O)NC)C3)c12,0
76,CCC(C)(CC)NCc1cccc2nc(-c3cccc4[nH]ncc34)n([C@@H]3C[C@@H]3C(=O)NC)c12,0
77,CCC(C)(OC)c1nc2cc(CN(C)Cc3ccc(C(F)(F)F)cn3)ccc2n1-c1c(C)cc(C(=O)NC)cc1C,0
78,CCC(C)(OC)c1nc2cc(CN3CC[C@H](C(C)(C)O)C3)cnc2n1-c1ccc(C(=O)NC)c(C)c1,0
79,CCC(C)(OC)c1nc2cc(CNC3CN(S(C)(=O)=O)C3)ccc2n1[C@H](CC(=O)NC)C1CC1,0
80,CCC(C)(OC)c1nc2cc(CNCCCNC(=O)Nc3ccccc3)ccc2n1[C@H]1CCC[C@@H](C(=O)NC)C1,0
81,CCC(C)(OC)c1nc2ccc(O)c(CN3CCN(C(=O)Cn4cnnn4)CC3)c2n1[C@H]1c2ccccc2C[C@H]1C(=O)NC,0
82,CCC(C)(OC)c1nc2ccc(O)c(CN[C@H]3CCC[C@@H]3O)c2n1C[C@@H]1C[C@H]1C(=O)NC,0
83,CCC(C)(OC)c1nc2cccc(CN3CCN(C=O)CC3)c2n1[C@@H]1CC[C@@H](C(=O)NC)C1,0
84,CCC(C)(OC)c1nc2cccc(CNC3(c4ccc(Cl)cc4)CCCCC3)c2n1-c1cc(OC)cc(C(=O)NC)c1,0
85,CCC(C)C(NC(=O)c1cc(C)oc1C)C(=O)N1C[C@H](C(=O)NC2CCC(C(=O)NC)CC2)[C@@H](c2cccc(C#CCNC(=O)c3ccc(F)cc3)c2)C1,0
86,CCC(C)C(NC(=O)c1cc(C)oc1C)C(=O)Nc1cc(Cl)cc2[nH]cc(Cc3ccccc3C(=O)NC)c12,0
87,CCC(C)C(NC(=O)c1cc(C)oc1C)C(=O)Nc1ccc(C(=O)NC2CCC(C(=O)NC)CC2)c(-c2cnn(Cc3ccccn3)c2)c1,0
88,CCC(CC)(NC(=O)COc1ccc2ccccc2c1CN1CCN(Cc2ccc(CC(=O)NC)cc2)C[C@@H]1C)c1ccccc1,0
89,CCC(CC)(NCc1cccc2nc(CCC3CCCCC3)n([C@H]3[C@@H]4CC[C@@H](C4)[C@H]3C(=O)NC)c12)c1cccc(OC)c1,0
90,CCC(CC)(c1ccccc1)N(C)Cc1c(O)ccc2nc(-c3ccc(O)c(OC)c3)n([C@@H]3CC[C@H](C(=O)NC)C3)c12,0
91,CCC(CC)(c1ccccc1)N(C)Cc1c(O)ccc2nc(-c3nc4ccccc4n3C)n(-c3c(C)cc(C(=O)NC)cc3C)c12,0
92,CCC(CC)(c1ccccc1)N(C)Cc1c(O)ccc2nc(C(C)CC3CCOCC3)n([C@H](CC(=O)NC)c3ccccc3)c12,0
93,CCC(CC)(c1ccccc1)N(C)Cc1cccc2nc(C(C)(C)CNC(=O)OC(C)(C)C)n(-c3ccc(OC)c(C(=O)NC)c3)c12,0
94,CCC(CC)(c1ccccc1)N(C)Cc1cnc2c(c1)nc(-c1ccc(Cl)c3cccnc13)n2-c1cc2ccccc2cc1C(=O)NC,0
95,CCC(CC)(c1ccccc1)N(C)Cc1cnc2c(c1)nc(CN1C(=O)COc3ccccc31)n2[C@H](CC(=O)NC)c1ccc(OC)cc1,0
96,CCC(CC)N(C)Cc1c(O)ccc2nc(-c3cnn(C4CCS(=O)(=O)C4)c3)n([C@H](CC(=O)NC)Cc3ccccc3)c12,0
97,CCC(CC)N(C)Cc1cccc2nc(-c3ccc(S(C)(=O)=O)cc3)n(-c3cccc(C(=O)NC)c3)c12,0
98,CCC(CC)N(Cc1ccccc1)Cc1c(O)ccc2nc(-c3c[nH]c4ncccc34)n(-c3cc4ccccc4cc3C(=O)NC)c12,0
99,CCC(CC)N(Cc1ccccc1)Cc1c(O)ccc2nc(C(C)c3cccc(Cl)c3)n(-c3ccc(C(=O)NC)c(C)c3)c12,0
100,CCC(CC)N(Cc1ccccc1)Cc1c(O)ccc2nc(C3CCC(F)CC3)n([C@H]3C[C@@H](C(=O)NC)C3)c12,0
101,CCC(CC)N(Cc1ccccc1)Cc1ccc2c(c1)nc(C(C)(C)OC)n2-c1ccc(C)c(C(=O)NC)c1,0
102,CCC(CC)N(Cc1ccccc1)Cc1cnc2c(c1)nc([C@@H]1CCCO[C@H]1c1cnn(CC)c1)n2C1CC2(CC(C(=O)NC)C2)C1,0
103,CCC(CC)NC(=O)Cc1cccc(-c2ccc(CN3CCC(N(C)Cc4ccc(C(=O)NC)cc4)CC3)cc2)c1,0
104,CCC(CC)NCc1c(O)ccc2nc(-c3ccccc3OCc3ccccc3)n([C@H]3CC[C@H](C(=O)NC)C3)c12,0
105,CCC(CC)NCc1c(O)ccc2nc(CN3Cc4ccccc4C3=O)n([C@H]3C[C@H](C(=O)NC)C3)c12,0
106,CCC(CC)NCc1cnc2c(c1)nc(-c1ccc(S(C)(=O)=O)cc1)n2-c1cc(OC)cc(C(=O)NC)c1,0
107,CCC(F)(F)C(C)(C)c1nc2cc(CN3CC4(CNC(=O)N4C)C3)ccc2n1[C@H](CC(=O)NC)C(F)(F)F,0
108,CCC(F)(F)C(C)(C)c1nc2cc(CNCCC(=O)NCc3nc(C)no3)ccc2n1-c1ccccc1CC(=O)NC,0
109,CCC(F)(F)C(C)(C)c1nc2cc(CNCc3c(OC)cccc3OC)ccc2n1-c1cc(OC)cc(C(=O)NC)c1,0
110,CCC(F)(F)C(C)(C)c1nc2cc(CN[C@H](C)c3nnc(C)o3)ccc2n1[C@@H](CC(=O)NC)Cc1ccccc1,0
111,CCC(F)(F)C(C)(C)c1nc2ccc(O)c(CNCc3cc4ccccc4[nH]3)c2n1[C@H]1CCC[C@H]1C(=O)NC,0
112,CCC(F)(F)C(C)(C)c1nc2cccc(CN3CCCOCC3)c2n1C[C@@H]1C[C@H]1C(=O)NC,0
113,CCC(F)(F)C(C)(C)c1nc2cccc(CNCCCN3CCOCC3)c2n1[C@H](CC(=O)NC)c1ccccc1,0
114,CCC(NC(=O)C(C)n1nc2ccccc2n1)c1cccc2c(Cc3cc(C(=O)NCCOCCOCCOCCOCCC(=O)NC)ccc3F)c[nH]c12,0
115,CCC(NC(=O)C(NS(=O)(=O)c1ccc(F)cc1)C(C)O)c1cccc2c(Cc3c[nH]c4cccc(C(=O)N5CCC(CCC(=O)NC)CC5)c34)c[nH]c12,0
116,CCC(NC(=O)C1CCN(C2CCSC2)CC1)c1cccc2c(Cc3c(C)n(CCCC(=O)N4CCC(CC(=O)NC)CC4)c4ccccc34)c[nH]c12,0
117,CCC(NC(=O)CC(c1ccsc1)n1c(C)ccc1C)c1cccc2c(Cc3cn(CC(C)C)c4cccc(C(=O)N5CCC(C(=O)NC)CC5)c34)c[nH]c12,0
118,CCC(NC(=O)CNS(=O)(=O)c1c(C)noc1C)c1cccc2c(Cc3cn(C(C)C(=O)N4CCC(C(=O)NC)C4)c4ccccc34)c[nH]c12,0
119,CCC(NC(=O)COc1cc(C)nc2c(C)cccc12)c1cccc2c(Cc3cn(CC(=O)N4CCN(CC(=O)NC)CC4)nn3)c[nH]c12,0
120,CCC(NC(=O)CSc1cc(C)c2ccccc2n1)c1cccc2c(Cc3ccccc3-c3ccc(C(=O)N4CCC(C(=O)NC)CC4)cc3)c[nH]c12,0
121,CCC(NC(=O)Nc1ccc(F)cc1)c1cccc2c(Cc3ccc(-c4cccc(C(=O)N5CCC(C(=O)NC)C5)c4)cc3)c[nH]c12,0
122,CCC(NC(=O)Nc1cccc(C(F)(F)F)c1)c1cccc2c(Cc3ccc(OCCC(=O)N4CCC(CC(=O)NC)CC4)cc3)c[nH]c12,0
123,CCC(NC(=O)[C@H](C)NS(=O)(=O)c1ccc(C)cc1)c1cccc2c(Cc3cccc(OC(C)C(=O)N4CCC(CC(=O)NC)C4)c3)c[nH]c12,0
124,CCC(NC(=O)c1c(C)n(C)c2ccc(OC)cc12)c1cccc2c(Cc3c(C)n(CC(=O)NC)c4ccccc34)c[nH]c12,0
125,CCC(NC(=O)c1c[nH]nc1C)c1cccc2c(Cc3cn(CC(=O)NCCC(=O)NC)nc3-c3ccc(OC)cc3)c[nH]c12,0
126,CCC(NC(=O)c1cc(C)nc(O)n1)c1cccc2c(Cc3cc(Cl)c(OC(C)C(=O)NC)c(Cl)c3)c[nH]c12,1
127,CCC(NC(=O)c1cc(CN2CCCCC2)on1)c1cccc2c(Cc3cccc(C(=O)NC)n3)c[nH]c12,0
128,CCC(NC(=O)c1ccc(-c2ccsc2)s1)c1cccc2c(Cc3ccccc3OCc3ccc(C(=O)N4CCC(CCC(=O)NC)CC4)o3)c[nH]c12,0
129,CCC(NC(=O)c1ccc2[nH]c(C)c(C)c2c1)c1cccc2c(Cc3cn(Cc4ccc(C(=O)N5CCC(C(=O)NC)C5)o4)c4ccccc34)c[nH]c12,0
130,CCC(NC(=O)c1cnn2c1NC(c1ccc3c(c1)OCO3)CC2C(F)(F)F)c1cccc2c(Cc3ccc(OC(C(=O)N4CCC(C(=O)NC)CC4)c4ccccc4)cc3)c[nH]c12,0
131,CCC(NC(=O)c1sccc1S(N)(=O)=O)c1cccc2c(Cc3ccc(C(=O)N4CCC(CCC(=O)NC)CC4)o3)c[nH]c12,1
132,CCC(NCC[C@@H](C)c1cn(C)c2ccccc12)c1cccc2c(Cc3ccc(C(=O)N4CCC(C(=O)NC)CC4)cc3)c[nH]c12,0
133,CCC(NCc1cc(Br)cnc1OC)c1cccc2c(Cc3cn([C@@H](C)C(=O)N4CCC(CC(=O)NC)C4)c4ccccc34)c[nH]c12,0
134,CCC(NCc1cc2cccnc2s1)c1cccc2c(Cc3cc(F)cc(C(=O)NC4CCC(C(=O)NC)CC4)c3)c[nH]c12,0
135,CCC(NCc1ccc(-c2ccc(F)cc2F)nc1)c1cccc2c(Cc3c(C(=O)N4CCC(CC(=O)NC)CC4)[nH]c4ccc(OC)cc34)c[nH]c12,0
136,CCC(NCc1ccc(-c2cccc(C#N)c2)nc1)c1cccc2c(Cc3ccc(-c4cc(C(=O)N5CCC(C(=O)NC)C5)ccn4)cc3)c[nH]c12,0
137,CCC(NCc1ccc(-c2ccccn2)cc1)c1cccc2c(CCCC(=O)N3CCC(CC(=O)NC)C3)c[nH]c12,0
138,CCC(NCc1ccc(-n2cccn2)cc1C)c1cccc2c(Cc3c[nH]nc3C(=O)N3CCN(CC(=O)NC)CC3)c[nH]c12,0
139,CCC(NCc1ccc(OC)c(OC)c1OC)c1cccc2c(Cc3ccccc3-c3ccc(C(=O)NCCOCCOCCOCCOCCC(=O)NC)cc3)c[nH]c12,0
140,CCC(NCc1ccccc1-c1cncnc1)c1cccc2c(Cc3ccc(OCC(=O)N4CCC(CC(=O)NC)CC4)cc3OC)c[nH]c12,0
141,CCC(NCc1cnn(-c2cccc(Cl)c2)c1)c1cccc2c(Cc3cccn3[C@@H](Cc3ccccc3)C(=O)NCCOCCOCCOCCOCCC(=O)NC)c[nH]c12,0
142,CCC(NS(=O)(=O)c1ccc(OC)cc1OC)c1cccc2c(Cc3ccc(C(=O)N4CCC(C(=O)NC)CC4)[nH]3)c[nH]c12,0
143,CCC(NS(=O)(=O)c1ccc2ccccc2c1)C(=O)NC(Cc1ccc(C#Cc2ccc(C(=O)O)nc2)cc1)C(=O)N1CC(C(=O)NC)C1,0
144,CCC(NS(=O)(=O)c1ccc2ccccc2c1)C(=O)N[C@@H](Cc1ccc(-c2c(C)ccc3[nH]ncc23)s1)C(=O)NC1CCC(C(=O)NC)CC1,0
145,CCC(Oc1ccc2c(c1)OCO2)C(=O)Nc1ccc2[nH]c(C)c(Cc3ccc(OCC(=O)NCCOCCOCCOCCOCCC(=O)NC)cc3OC)c2c1F,0
146,CCC(Sc1nncn1C)C(=O)N1C[C@H](C(=O)N2CCC(CC(=O)NC)C2)[C@@H](c2cccc(-c3cc(F)ccc3OC)c2)C1,0
147,CCC(c1ccccc1)c1nc2cc(CNC3(CO)CC3)cnc2n1[C@H]1CCC[C@@H](C(=O)NC)C1,0
148,CCC(c1ccccc1)c1nc2cc(CNCc3cnn(-c4cccc(F)c4)c3)cnc2n1-c1ccc(C(=O)NC)c(C)c1,0
149,CCC(c1ccccc1)c1nc2ccc(O)c(CNCCN3CCN(c4ccccc4)CC3)c2n1[C@H]1C[C@H](C(=O)NC)C1,0
150,CCC1(CNC(=O)c2cc(-c3ccccc3CN3CCNC(=O)C3CC(=O)NC)ccc2Cl)CCC1,0
151,CCC1(CNCc2c(O)ccc3nc(-c4ccc(C#N)cc4)n([C@H]4C[C@@H](C(=O)NC)C4)c23)CCC1,0
152,CCC1(CNCc2c(O)ccc3nc(CCCc4ccccc4)n([C@H]4C[C@@H](C(=O)NC)C4)c23)CCC1,0
153,CCC1(CNCc2c(O)ccc3nc([C@@H]4C[C@H]4C(F)(F)F)n(-c4cc(C(=O)NC)ccc4C)c23)CCC1,0
154,CCC1(CNCc2ccc3c(c2)nc(-c2c(Cl)ccc(Cl)c2Cl)n3-c2ccc(C(=O)NC)c(OC)c2)CCC1,0
155,CCC1(CNCc2ccc3c(c2)nc(-c2ccc(C(F)(F)F)cc2)n3C2CC3(CC(C(=O)NC)C3)C2)CCC1,0
156,CCC1(CNCc2cccc3nc(-c4cccc(F)c4C)n(-c4ccc(C(=O)NC)c(OC)c4)c23)CCC1,0
157,CCC1(CNCc2cnc3c(c2)nc(-c2cc(OC)c(O)c(OC)c2)n3[C@H]2CC[C@H](C(=O)NC)C2)CCC1,0
158,CCC1(c2nc3cc(CN(C)CC(=O)NC4CCC(O)CC4)cnc3n2-c2cc3ccccc3cc2C(=O)NC)CCOCC1,0
159,CCC1(c2nc3cc(CN(C)[C@H](C)c4ccc(OC)cc4)cnc3n2[C@H]2CC[C@@H](C(=O)NC)C2)COC1,0
160,CCC1(c2nc3cc(CN(CCO)[C@H](C)c4ccccc4)cnc3n2-c2c(OC)cccc2C(=O)NC)COC1,0
161,CCC1(c2nc3cc(CN4CCCC[C@@H]4c4ccc(OC)cc4)cnc3n2[C@H](CC(=O)NC)C(F)(F)F)CCOCC1,0
162,CCC1(c2nc3cc(CNC4(C)CCCC4)cnc3n2[C@@H]2C[C@@H]2C(=O)NC)CCOCC1,0
163,CCC1(c2nc3cc(CNCCOc4ccccc4)cnc3n2[C@H]2[C@@H]3CC[C@@H](C3)[C@H]2C(=O)NC)COC1,0
164,CCC1(c2nc3cc(CNCc4ccccc4N(C)C)cnc3n2CCC(=O)NC)COC1,0
165,CCC1(c2nc3cc(CNCc4ccccc4N4CCOCC4)cnc3n2-c2ccc(C(=O)NC)cc2OC)CCOCC1,0
166,CCC1(c2nc3ccc(O)c(CN4CCCC4)c3n2[C@H]2CCC[C@@H](C(=O)NC)C2)CCOCC1,0
167,CCC1(c2nc3ccc(O)c(CN4CCC[C@@H](c5cc(C(N)=O)[nH]n5)C4)c3n2CCC(=O)NC)CCOCC1,0
168,CCC1(c2nc3ccc(O)c(CNCc4ccc(-n5ccnc5)cc4)c3n2[C@H](CC(=O)NC)C2CC2)CCOCC1,0
169,CCC1(c2nc3ccc(O)c(CN[C@H]4CCCN(C(=O)C5CC5)C4)c3n2[C@H]2CCC[C@@H](C(=O)NC)C2)COC1,0
170,CCC1(c2nc3cccc(CN(C)Cc4cccc(-n5cccn5)c4)c3n2[C@H]2CC[C@@H](CC(=O)NC)CC2)COC1,0
171,CCC1(c2nc3cccc(CN4CCNC(=O)C[C@@H]4c4ccccc4)c3n2-c2cc3ccccc3cc2C(=O)NC)CCOCC1,0
172,CCC1(c2nc3cccc(CN[C@@H](c4cc(C)ccn4)C4CC4)c3n2[C@H](CC(=O)NC)Cc2ccccc2)CCOCC1,0
173,CCC1(c2nc3cccc(CN[C@@H](c4ccccc4)c4nccn4C)c3n2[C@H]2C[C@H](C(=O)NC)C2)CCOCC1,0
174,CCC1CC(c2nc3cc(CN(CCO)Cc4nccn4C)ccc3n2C2CC3(CC(C(=O)NC)C3)C2)CCO1,0
175,CCC1CC(c2nc3cc(CNCc4nn(C)c5ccc(C)cc45)ccc3n2[C@H]2CC[C@@H](C(=O)NC)C2)CCO1,0
176,CCC1CC(c2nc3cc(CN[C@@H](C)Cn4cncn4)cnc3n2-c2ccc(C(=O)NC)c(C)c2)CCO1,0
177,CCC1CC(c2nc3cc(CN[C@@H](C)c4ccc(OC)cc4)ccc3n2-c2c(OC)cccc2C(=O)NC)CCO1,0
178,CCC1CC(c2nc3cccc(CNCCC(=O)N4CCOCC4)c3n2-c2ccc(C(=O)NC)cc2OC)CCO1,0
179,CCC1CCCCC1c1nc2cc(CN3CCC(S(C)(=O)=O)CC3)cnc2n1[C@H](CC(=O)NC)C(F)(F)F,0
180,CCC1CCCCC1c1nc2cc(CNC(CO)CO)cnc2n1[C@@H]1CC[C@H](C(=O)NC)C1,0
181,CCC1CCCCC1c1nc2cc(CNCCS(N)(=O)=O)cnc2n1[C@@H]1CC[C@H](C(=O)NC)C1,0
182,CCC1CCCCC1c1nc2ccc(O)c(CNC3(CC(C)C)CC3)c2n1[C@H](CC(=O)NC)C(F)(F)F,0
183,CCC1CCCCC1c1nc2cccc(CN3CCC(S(C)(=O)=O)CC3)c2n1-c1cc2ccccc2cc1C(=O)NC,0
184,CCC1CCCCC1c1nc2cccc(CNCCCc3ccc(C)cc3)c2n1-c1c(C)cc(C(=O)NC)cc1C,0
185,CCC1CCCCC1c1nc2cccc(CNCC[C@H]3CCCN3C)c2n1[C@@H]1CC[C@H](C(=O)NC)C1,0
186,CCCC(=O)NC1CCN(C(=O)c2ccc(COc3ccc(CN4CC5CCCC4CN(CC(=O)NC)C5)cc3)cc2)CC1,0
187,CCCCCCCCCCCCOc1ccc(-c2nc3cc(CN(C)C[C@@H]4COCCO4)ccc3n2[C@H]2CC[C@H](CC(=O)NC)CC2)cc1,0
188,CCCCCCCCCCCCOc1ccc(-c2nc3cc(CN4CCN(C(=O)OCC)CC4)cnc3n2-c2ccc(OC)c(C(=O)NC)c2)cc1,0
189,CCCCCCCCCCCCOc1ccc(-c2nc3cc(CN4CCN(S(C)(=O)=O)CC4)cnc3n2[C@H](CC(=O)NC)Cc2ccccc2)cc1,0
190,CCCCCCCCCCCCOc1ccc(-c2nc3cc(CNCc4cc(CC(C)C)on4)cnc3n2CCCCCCC(=O)NC)cc1,0
191,CCCCCCCCCCCCOc1ccc(-c2nc3cc(CN[C@H](CC(C)C)C(N)=O)cnc3n2CCCCCCC(=O)NC)cc1,0
192,CCCCCCCCCCCCOc1ccc(-c2nc3cc(CN[C@H]4CCc5ccccc54)cnc3n2Cc2ccccc2C(=O)NC)cc1,0
193,CCCCCCCCCCCCOc1ccc(-c2nc3ccc(O)c(CN[C@@H](CC)Cn4ccnc4)c3n2[C@H]2C[C@@H](C(=O)NC)C2)cc1,0
194,CCCCCCCCCCCCOc1ccc(-c2nc3ccc(O)c(CN[C@@H]4CCCC[C@H]4O)c3n2CCCCCCC(=O)NC)cc1,0
195,CCCCCCCCCCCCOc1ccc(-c2nc3ccc(O)c(CN[C@H]4C[C@@H]4c4cccnc4)c3n2[C@H](CC(=O)NC)C2CC2)cc1,0
196,CCCCCCCCCCCCOc1ccc(-c2nc3cccc(CN(CCO)C4(C#N)CCCCC4)c3n2[C@@H]2C[C@@H]2C(=O)NC)cc1,0
197,CCCCCCCCNC(=O)COc1ccc(CN2CCN(Cc3ccccc3)C[C@H]2C(=O)NC)cc1OCC,0
198,CCCCCCCCOc1ccc(-c2nc3cc(CN(C)Cc4cccc(C)c4C)ccc3n2[C@H]2c3ccccc3C[C@H]2C(=O)NC)cc1,0
199,CCCCCCCCOc1ccc(-c2nc3cc(CNCCN4CCN(c5ncccn5)CC4)ccc3n2[C@@H](CC(=O)NC)Cc2ccccc2)cc1,0
200,CCCCCCCCOc1ccc(-c2nc3cc(CNC[C@@H]4Cc5ccccc54)ccc3n2[C@H](CC(=O)NC)c2cccnc2)cc1,0
201,CCCCCCCCOc1ccc(-c2nc3cc(CNCc4ncon4)ccc3n2[C@H](CC(=O)NC)C(F)(F)F)cc1,0
202,CCCCCCCCOc1ccc(-c2nc3cccc(CNCCCN(CCC)S(C)(=O)=O)c3n2CCC(=O)NC)cc1,0
203,CCCCCCCNC(=O)c1cnn(Cc2cc(CN3CCO[C@@H](CC(=O)NC)C3)ccc2OC)c1,0
204,CCCCCCCOc1ccc(-c2nc3cc(CNC[C@@H]4CC45CCCCC5)ccc3n2[C@H]2CCC[C@H]2C(=O)NC)cc1,0
205,CCCCCCCOc1ccc(-c2nc3cc(CNCc4c(F)cccc4F)ccc3n2-c2cc(OC)cc(C(=O)NC)c2)cc1,0
206,CCCCCCCOc1ccc(-c2nc3cc(CNCc4nn(C)c5ccc(C)cc45)cnc3n2[C@@H]2C[C@H]2C(=O)NC)cc1,0
207,CCCCCCCOc1ccc(-c2nc3cccc(CNCc4cc(-c5ccccc5)[nH]n4)c3n2[C@H](CC(=O)NC)C2CC2)cc1,0
208,CCCCCCN(C)Cc1c(O)ccc2nc(-c3c[nH]nc3-c3ccccc3)n([C@H]3c4ccccc4C[C@H]3C(=O)NC)c12,0
209,CCCCCCN(C)Cc1c(O)ccc2nc(C3=CCCOC3)n(C[C@@H]3C[C@H]3C(=O)NC)c12,0
210,CCCCCCN(C)Cc1ccc2c(c1)nc(-c1cccc(-c3nnn[nH]3)c1)n2[C@H]1[C@@H]2CC[C@@H](C2)[C@H]1C(=O)NC,0
211,CCCCCCN(C)Cc1cccc2nc(-c3ccccc3N3CCCCC3)n([C@H]3CCC[C@H]3C(=O)NC)c12,0
212,CCCCCCN(C)Cc1cccc2nc(-c3cn[nH]c3)n(CCC(=O)NC)c12,0
213,CCCCCCN(CCCCCC)Cc1ccc2c(c1)nc(-c1cc(C(F)(F)F)cc(C(F)(F)F)c1)n2[C@@H]1CC[C@H](C(=O)NC)C1,0
214,CCCCCCN(CCCCCC)Cc1ccc2c(c1)nc(-c1ccc(OC)c(F)c1)n2-c1cc2ccccc2cc1C(=O)NC,0
215,CCCCCCN(CCCCCC)Cc1ccc2c(c1)nc(-c1cccc3cccnc13)n2-c1c(C)cc(C(=O)NC)cc1C,0
216,CCCCCCN(CCCCCC)Cc1cccc2nc(-c3cccc(Cl)c3Cl)n(-c3ccccc3CC(=O)NC)c12,0
217,CCCCCCN(CCCCCC)Cc1cccc2nc(C3CCOC(C)C3)n([C@H]3CC[C@H](C(=O)NC)CC3)c12,0
218,CCCCCCN(CCCCCC)Cc1cnc2c(c1)nc(-c1ccc(C)c(C)c1)n2[C@H]1CC[C@@H](C(=O)NC)C1,0
219,CCCCCCN(CCCCCC)Cc1cnc2c(c1)nc(-c1cccc(-c3ccccn3)c1)n2[C@H]1CC[C@@H](C(=O)NC)C1,0
220,CCCCCCN(CCCCCC)Cc1cnc2c(c1)nc([C@@H]1C[C@H]1c1cnn(C)c1)n2[C@H](CC(=O)NC)C1CC1,0
221,CCCCCCN(Cc1ccccc1)Cc1c(O)ccc2nc([C@H](O)[C@@H](O)[C@@H](O)CO)n(CCCCCCC(=O)NC)c12,0
222,CCCCCCN(Cc1ccccc1)Cc1cccc2nc(-c3ccnc(Cl)c3F)n(-c3ccccc3CC(=O)NC)c12,1
223,CCCCCCN(Cc1ccccc1)Cc1cccc2nc(C3(F)CC3)n([C@H]3CC[C@H](CC(=O)NC)CC3)c12,0
224,CCCCCCN(Cc1ccccc1)Cc1cnc2c(c1)nc(-c1cn[nH]c1)n2Cc1ccccc1C(=O)NC,0
225,CCCCCCN(Cc1ccccc1)Cc1cnc2c(c1)nc(C1CC1c1ccc(F)cc1)n2CCC(=O)NC,0
226,CCCCCCNCc1c(O)ccc2nc(-c3cnc4sccn34)n([C@@H]3C[C@@H]3C(=O)NC)c12,0
227,CCCCCCNCc1c(O)ccc2nc(C3(C)CCCCC3)n(-c3cccc(C(=O)NC)c3)c12,0
228,CCCCCCNCc1cnc2c(c1)nc(-c1ccc3c(c1)CCO3)n2[C@H]1[C@@H]2CC[C@@H](C2)[C@H]1C(=O)NC,0
229,CCCCCCNCc1cnc2c(c1)nc(CCC(C)C)n2-c1ccc(C)c(C(=O)NC)c1,0
230,CCCCCCOc1ccc(-c2nc3cc(CN(C)Cc4ccc5c(c4)OCO5)ccc3n2[C@@H](CC(=O)NC)Cc2ccccc2)cc1,0
231,CCCCCCOc1ccc(-c2nc3cc(CN(C)[C@@H](C)c4ccc(OC)cc4)ccc3n2-c2ccc(C(=O)NC)cc2C)cc1,0
232,CCCCCCOc1ccc(-c2nc3cc(CN4CC[C@@H]5[C@@H](CCC(=O)N5C5CC5)C4)cnc3n2[C@H]2[C@@H]3CC[C@@H](C3)[C@H]2C(=O)NC)cc1,0
233,CCCCCCOc1ccc(-c2nc3cc(CNCc4c(C)noc4C)ccc3n2[C@H]2c3ccccc3C[C@H]2C(=O)NC)cc1,0
234,CCCCCCOc1ccc(-c2nc3cc(CN[C@@H](c4ncon4)C(C)C)ccc3n2[C@H]2c3ccccc3C[C@H]2C(=O)NC)cc1,0
235,CCCCCCOc1ccc(-c2nc3cc(CN[C@H]4CCC(=O)NC45CCC5)ccc3n2[C@H](CC(=O)NC)c2ccc(OC)cc2)cc1,0
236,CCCCCCOc1ccc(-c2nc3ccc(O)c(CN(C)Cc4cc(C)nn4C)c3n2[C@H]2CC[C@H](C(=O)NC)CC2)cc1,0
237,CCCCCCOc1ccc(-c2nc3ccc(O)c(CN(CCO)[C@H](C)c4ccccc4)c3n2-c2ccc(C(=O)NC)cc2)cc1,0
238,CCCCCCOc1ccc(-c2nc3ccc(O)c(CNCCCN(C)C)c3n2CC2(C(=O)NC)CC2)cc1,0
239,CCCCCCOc1ccc(-c2nc3ccc(O)c(CN[C@@H](C)[C@@H]4C[C@@H]4c4cccc(C)c4)c3n2[C@H]2CC[C@@H](C(=O)NC)CC2)cc1,0
240,CCCCCCOc1ccc(-c2nc3cccc(CN4CC[C@H](OC)C4)c3n2[C@H]2CC[C@H](CC(=O)NC)CC2)cc1,0
241,CCCCCCOc1ccc(-c2nc3cccc(CNC4(c5ccccc5)CCCCCC4)c3n2Cc2ccccc2C(=O)NC)cc1,0
242,CCCCCC[C@@H](NCc1c(O)ccc2nc(-c3c(F)cccc3F)n(-c3ccc(C(=O)NC)cc3)c12)c1ccccc1,0
243,CCCCCC[C@@H](NCc1c(O)ccc2nc(C3CC34CCOCC4)n(-c3ccc(C(=O)NC)c(OC)c3)c12)c1ccccc1,0
244,CCCCCN(CCO)C(=O)C(C)Oc1ccc(CN2C[C@@H](C(=O)NC)[C@H](c3cnn(C)c3)C2)cc1OCC,0
245,CCCCCN(CCO)C(=O)c1cc(-c2ccc(CN3CCN(C(C)(C)C(=O)NC)CC3)o2)ccc1Cl,0
246,CCCCCN(CCc1ccccc1)Cc1ccc2c(c1)nc(-c1cc(-c3ccccc3)[nH]n1)n2-c1c(C)cc(C(=O)NC)cc1C,0
247,CCCCCN(CCc1ccccc1)Cc1cccc2nc(-c3ccc(F)cc3C(F)(F)F)n([C@H]3CCC[C@@H](C(=O)NC)C3)c12,0
248,CCCCCN(CCc1ccccc1)Cc1cccc2nc(C3CCc4ccccc4C3)n(-c3ccccc3CC(=O)NC)c12,0
249,CCCCCN(CCc1ccccc1)Cc1cccc2nc(CN(C(=O)OC)c3ccccc3)n(-c3cccc(C(=O)NC)c3)c12,0
250,CCCCCN(CCc1ccccc1)Cc1cccc2nc([C@H]3CC3(C)C)n(-c3ccc(C(=O)NC)c(C)c3)c12,0
251,CCCCCN(Cc1ccccc1)C(=O)Cc1cccc(-c2ccc(CN3C[C@@H](Oc4ccccc4)C[C@H]3C(=O)NC)cc2)c1,0
252,CCCCCN(Cc1ccccc1)Cc1ccc2c(c1)nc(-c1ccc(-c3nn[nH]n3)cc1)n2[C@H]1CC[C@H](C(=O)NC)CC1,0
253,CCCCCN(Cc1ccccc1)Cc1ccc2c(c1)nc(CC1CCCCC1)n2-c1cccc(C(=O)NC)c1,0
254,CCCCCN(Cc1ccccc1)Cc1cccc2nc(C3CCOC(C)C3)n(-c3c(C)cc(C(=O)NC)cc3C)c12,0
255,CCCCCN(Cc1ccccc1)Cc1cnc2c(c1)nc(-c1ccc(OC)c(OC)c1Cl)n2[C@@H]1CC[C@H](C(=O)NC)C1,0
256,CCCCCN(Cc1ccccc1)Cc1cnc2c(c1)nc(-c1cnc(-c3ccccc3)s1)n2[C@H]1CC[C@@H](C(=O)NC)CC1,0
257,CCCCCNC(=O)NCc1[nH]c2ccccc2c1Cc1cccn1[C@@H](Cc1ccccc1)C(=O)NCCC(=O)NC,0
258,CCCCCNC(=O)c1cccc(COc2ccc(CN3CCN(Cc4ccc(CC(=O)NC)cc4)C[C@@H]3C)cc2OC)c1,0
259,CCCCCOc1ccc(-c2nc3cc(CN4CCO[C@H](Cn5cncn5)C4)ccc3n2[C@H](CC(=O)NC)c2ccc(OC)cc2)cc1,0
260,CCCCCOc1ccc(-c2nc3cc(CN4CC[C@H](O)C4)cnc3n2[C@H](CC(=O)NC)c2ccccc2)cc1,0
261,CCCCCOc1ccc(-c2nc3ccc(O)c(CNCc4ccc(C)o4)c3n2[C@@H]2CC[C@H](C(=O)NC)C2)cc1,0
262,CCCCCOc1ccc(-c2nc3ccc(O)c(CN[C@@H](CO)Cc4c[nH]cn4)c3n2[C@H]2CC[C@@H](C(=O)NC)C2)cc1,0
263,CCCCCOc1ccc(-c2nc3ccc(O)c(CN[C@@H](c4ccccc4)c4nccn4C)c3n2[C@H]2CC[C@@H](C(=O)NC)C2)cc1,0
264,CCCCCOc1ccc(-c2nc3cccc(CNCCC(=O)NCCOC)c3n2-c2cccc(C(=O)NC)c2)cc1,0
265,CCCCC[C@@H](CNC(=O)c1ccc(-c2ccccc2CN2C[C@@H]3CN(Cc4n[nH]c5ccc(C(=O)NC)cc45)C[C@@H]3C2)cc1F)c1ccccc1,0
266,CCCCC[C@@H](NC(=O)c1ccc(COc2ccc(CN3[C@H](C)CN(Cc4ccc(CC(=O)NC)cc4)C[C@@H]3C)cc2OC)o1)c1ccccc1,0
267,CCCCC[C@@H](NC(=O)c1ccc(COc2ccccc2CN2CC(CC(=O)NC)C2)cc1)c1ccccc1,0
268,CCCCC[C@@H](NCc1c(O)ccc2nc(-c3ccc4c(c3)CCC(=O)N4C)n(-c3c(C)cc(C(=O)NC)cc3C)c12)c1ccccc1,0
269,CCCCC[C@@H](NCc1c(O)ccc2nc(-c3ccc4nsnc4c3)n([C@H]3CC[C@H](C(=O)NC)CC3)c12)c1ccccc1,0
270,CCCCC[C@@H](NCc1c(O)ccc2nc(-c3ccccc3OCc3ccccc3)n(-c3cc4ccccc4cc3C(=O)NC)c12)c1ccccc1,0
271,CCCCC[C@@H](NCc1cccc2nc(-c3ccnc(Cl)c3F)n(-c3ccc(C(=O)NC)cc3)c12)c1ccccc1,1
272,CCCCC[C@@H](NCc1cnc2c(c1)nc(C1CCN(CC)CC1)n2[C@H](CC(=O)NC)Cc1ccccc1)c1ccccc1,0
273,CCCCC[C@H](c1ccccc1)N(C)C(=O)COc1cc(Cl)c(CN2CC[C@@H](CN3CC4C[C@]4(C(=O)NC)C3)C2)cc1OCC,0
274,CCCCC[C@H](c1ccccc1)N(C)Cc1ccc2c(c1)nc(-c1c(F)c(F)c(F)c(F)c1F)n2[C@H]1C[C@H](C(=O)NC)C1,0
275,CCCCC[C@H](c1ccccc1)N(C)Cc1ccc2c(c1)nc(-c1cccn(C(F)F)c1=O)n2[C@H]1CC[C@@H](C(=O)NC)CC1,0
276,CCCCC[C@H](c1ccccc1)N(C)Cc1ccc2c(c1)nc(C(C)c1cccc(Cl)c1)n2CCCCCCC(=O)NC,0
277,CCCCC[C@H](c1ccccc1)N(C)Cc1cccc2nc(-c3ccc(CC)cn3)n(CC3(C(=O)NC)CC3)c12,0
278,CCCCC[C@H](c1ccccc1)N(C)Cc1cccc2nc(C3=Cc4ccc(OC)cc4OC3)n([C@H](CC(=O)NC)C(F)(F)F)c12,0
279,CCCCC[C@H](c1ccccc1)N(C)Cc1cnc2c(c1)nc(-c1ccc(CN(C)C)cc1)n2[C@@H]1CC[C@@H](C(=O)NC)C1,0
280,CCCCCc1ccc(CNC(=O)CCCOc2c(CN3CCC[C@H]3C(=O)NCC(=O)NC)cccc2OC)cc1,0
281,CCCCCc1ccc([C@@H](C)NC(=O)CCOc2cccc(CN3CCC(Cc4noc([C@H]5CC[C@@H](C(=O)NC)CC5)n4)CC3)c2)cc1,0
282,CCCCN(C)C(=O)CN1[C@H](CC(=O)NC)CN(C(=O)Nc2cccc(C)c2)C[C@@H]1CC(C)C,0
283,CCCCN(CC#N)C(=O)c1ccc(F)c(CN2C[C@@H]3CC[C@H]2[C@H]3C(=O)NC)c1,0
284,CCCCN(CC#N)Cc1cccc2nc(Cc3ccc(OC)cc3C)n([C@@H]3CC[C@H](C(=O)NC)C3)c12,0
285,CCCCN(CC#N)Cc1cnc2c(c1)nc(-c1cc(C)on1)n2[C@H]1CC[C@H](C(=O)NC)C1,0
286,CCCCN(CC#N)Cc1cnc2c(c1)nc(-c1ccc3ncccc3c1)n2-c1c(C)cc(C(=O)NC)cc1C,0
287,CCCCN(CC#N)Cc1cnc2c(c1)nc(C1(C3CCCCO3)CCC1)n2[C@@H]1CC[C@@H](C(=O)NC)C1,0
288,CCCCN(CC)Cc1cccc2nc(-c3cncs3)n([C@H](CC(=O)NC)C3CC3)c12,0
289,CCCCN(CC)Cc1cnc2c(c1)nc(CCS(C)(=O)=O)n2CC1(C(=O)NC)CC1,0
290,CCCCN(CCCC)Cc1c(O)ccc2nc(-c3ccc(OC)c(OCc4ccccc4)c3)n(CCCCCCC(=O)NC)c12,0
291,CCCCN(CCCC)Cc1c(O)ccc2nc(-c3cn(C)nc3C)n([C@H]3[C@@H]4CC[C@@H](C4)[C@H]3C(=O)NC)c12,0
292,CCCCN(CCCC)Cc1ccc2c(c1)nc(-c1c(C)noc1C)n2Cc1ccccc1C(=O)NC,0
293,CCCCN(CCCC)Cc1cccc2nc(-c3cc(F)cc(F)c3F)n(-c3cc(C(=O)NC)ccc3C)c12,0
294,CCCCN(CCOC)Cc1cccc2nc([C@@H]3C[C@H]3c3cnn(C)c3)n(C3CC4(CC(C(=O)NC)C4)C3)c12,0
295,CCCCN(CCOC)Cc1cnc2c(c1)nc(Cc1ccccc1)n2CC1(C(=O)NC)CC1,0
296,CCCCN(CCc1ccccc1)Cc1c(O)ccc2nc(C(C)Cc3ccccc3)n([C@@H]3CC[C@H](C(=O)NC)C3)c12,0
297,CCCCN(CCc1ccccc1)Cc1cccc2nc(-c3ccc(OC)c(C)c3)n(-c3ccc(C(=O)NC)c(C)c3)c12,0
298,CCCCN(CCc1ccccc1)Cc1cccc2nc(-c3cccc(O)c3O)n(CC3(C(=O)NC)CC3)c12,0
299,CCCCN(CCc1ccccc1)Cc1cnc2c(c1)nc(-c1c[nH]nc1-c1ccc(F)cc1)n2CC1(C(=O)NC)CC1,0
300,CCCCN(CCc1ccccc1)Cc1cnc2c(c1)nc(C(C)C1CCCCC1)n2[C@H]1CC[C@H](C(=O)NC)C1,0
301,CCCCN(CCc1ccccc1)Cc1cnc2c(c1)nc(C(C)CCc1ccccc1)n2[C@H](CC(=O)NC)c1cccnc1,0
302,CCCCN(Cc1ccccc1)Cc1ccc2c(c1)nc(-c1ccc3cnccc3c1)n2-c1ccccc1CC(=O)NC,0
303,CCCCN(Cc1ccccc1)Cc1ccc2c(c1)nc(C1CC(c3ccccc3)C1)n2-c1ccc(C)c(C(=O)NC)c1,0
304,CCCCN(Cc1ccccc1)Cc1cccc2nc(-c3cn(C)nc3C)n([C@H]3CC[C@H](CC(=O)NC)CC3)c12,0
305,CCCCNC(=O)c1cnn2ccc(CN3CCC(C(=O)NC)(c4ccccc4)CC3)cc12,0
306,CCCCOCCCNC(=O)c1cccc(-c2ccc(CN3CC(C(=O)NC)C3)o2)c1,0
307,CCCCOc1ccc(-c2cccc([C@H]3CN(C(=O)c4cnc5nc(N)[nH]c(=O)c5n4)C[C@@H]3C(=O)NC3CCC(C(=O)NC)CC3)c2)cc1F,0
308,CCCCOc1ccc(-c2nc3cc(C=O)ccc3n2[C@H](CC(=O)NC)C(F)(F)F)cc1,0
309,CCCCOc1ccc(-c2nc3cc(CNCc4ccc5[nH]c(=O)[nH]c5c4)cnc3n2[C@H]2CC[C@H](C(=O)NC)CC2)cc1,0
310,CCCCOc1ccc(-c2nc3cc(CN[C@@H](C)c4ccc5ccccc5c4)ccc3n2[C@H]2CC[C@@H](C(=O)NC)CC2)cc1,0
311,CCCCOc1ccc(-c2nc3cc(CN[C@@H](c4ccccc4)c4nc(C)no4)ccc3n2[C@H]2C[C@H](C(=O)NC)C2)cc1,0
312,CCCCOc1ccc(-c2nc3ccc(O)c(CNCC(=O)Nc4ccccc4C)c3n2[C@H](CC(=O)NC)c2ccc(OC)cc2)cc1,0
313,CCCCOc1ccc(-c2nc3ccc(O)c(CNCc4cc(C(F)(F)F)ccc4Cl)c3n2[C@H]2CC[C@@H](C(=O)NC)CC2)cc1,0
314,CCCCOc1ccc(-c2nc3cccc(CNCc4ccc5[nH]c(=O)[nH]c5c4)c3n2[C@@H]2C[C@@H]2C(=O)NC)cc1,0
315,CCCC[C@@H](CNC(=O)CCOc1ccccc1CN1CCN(Cc2cccc(OCC(=O)NC)c2)[C@@H](C)C1)c1ccccc1,0
316,CCCC[C@@H](CNCc1c(O)ccc2nc(-c3ccc(O)c(Cl)c3)n(-c3ccccc3CC(=O)NC)c12)c1ccccc1,0
317,CCCC[C@@H](CNCc1cnc2c(c1)nc(-c1c(C)noc1C)n2-c1ccc(C(=O)NC)cc1)c1ccccc1,0
318,CCCC[C@@H](CO)NC(=O)c1cccc(-c2ccccc2CN(C)[C@@H]2CCN(Cc3ccc(CC(=O)NC)cc3)C2)c1,0
319,CCCC[C@@H](CO)NCc1ccc2c(c1)nc(C1CCN(c3ccccc3)C1)n2-c1ccc(C(=O)NC)cc1,0
320,CCCC[C@@H](CO)NCc1cccc2nc(-c3cc(F)cc(C(F)(F)F)c3)n(-c3cccc(C(=O)NC)c3)c12,0
321,CCCC[C@@H](CO)NCc1cnc2c(c1)nc(-c1ncnn1CC)n2-c1cc2ccccc2cc1C(=O)NC,0
322,CCCC[C@@H](CO)NCc1cnc2c(c1)nc(C1(COC)CCCCO1)n2C[C@@H]1C[C@H]1C(=O)NC,0
323,CCCC[C@@H](NC(=O)c1ccc(COc2ccc(CN3Cc4ccccc4[C@H]3C(=O)NC)cc2)cc1)c1ccccc1,0
324,CCCC[C@@H](NC(=O)c1cccc2[nH]nc(CN3CCC[C@@H](Cc4noc(C5(C(=O)NC)CC5)n4)C3)c12)c1ccc(F)cc1,0
325,CCCC[C@@H](NCc1c(O)ccc2nc(-c3ccc(C(=O)N4CCCC4)cc3)n(-c3c(C)cc(C(=O)NC)cc3C)c12)c1cccc(OC)c1,0
326,CCCC[C@@H](NCc1c(O)ccc2nc(-c3ccc(N4CCOCC4)s3)n([C@H](CC(=O)NC)c3ccccc3)c12)c1ccc(OC)cc1,0
327,CCCC[C@@H](NCc1c(O)ccc2nc(-c3ccc4c(c3)CCC(=O)N4C)n([C@H](CC(=O)NC)c3ccc(OC)cc3)c12)c1ccccc1F,0
328,CCCC[C@@H](NCc1c(O)ccc2nc(-c3ccc4nonc4c3)n([C@H](CC(=O)NC)c3ccc(OC)cc3)c12)c1ccc(OC)cc1,0
329,CCCC[C@@H](NCc1c(O)ccc2nc(-c3ccn(CC)n3)n([C@H]3CCC[C@H]3C(=O)NC)c12)c1ccc(OC)cc1,0
330,CCCC[C@@H](NCc1c(O)ccc2nc(-c3cnc4ccccn34)n([C@H]3CC[C@H](C(=O)NC)C3)c12)c1cccc(OC)c1,0
331,CCCC[C@@H](NCc1c(O)ccc2nc(-c3nc(-c4ccccc4)cs3)n([C@H](CC(=O)NC)c3cccnc3)c12)c1ccc(OC)cc1,0
332,CCCC[C@@H](NCc1c(O)ccc2nc(-c3ncnn3CC)n([C@H](CC(=O)NC)c3ccc(OC)cc3)c12)c1ccc(OC)cc1,0
333,CCCC[C@@H](NCc1c(O)ccc2nc(C3CCCC(F)C3)n(-c3ccc(C(=O)NC)c(OC)c3)c12)c1ccccc1F,0
334,CCCC[C@@H](NCc1ccc2c(c1)nc(-c1c(F)cccc1F)n2[C@H]1C[C@@H](C(=O)NC)C1)c1ccccc1F,0
335,CCCC[C@@H](NCc1ccc2c(c1)nc(C1=C(C)Nc3ncnn3C1C)n2-c1ccc(C(=O)NC)c(C)c1)c1ccc(OC)cc1,0
336,CCCC[C@@H](NCc1ccc2c(c1)nc(C1CCN(C(=O)OC(C)(C)C)C1)n2[C@H]1c2ccccc2C[C@H]1C(=O)NC)c1ccc(F)cc1,0
337,CCCC[C@@H](NCc1cccc2nc(-c3ccc(-n4cccn4)cc3)n([C@H]3C[C@@H](C(=O)NC)C3)c12)c1ccc(F)cc1,0
338,CCCC[C@@H](NCc1cccc2nc(-c3ccnc4ccccc34)n([C@H]3CC[C@@H](C(=O)NC)CC3)c12)c1ccc(OC)cc1,0
339,CCCC[C@@H](NCc1cccc2nc(C3CCC(OC)CC3)n([C@H]3CC[C@@H](C(=O)NC)CC3)c12)c1cccc(OC)c1,0
340,CCCC[C@@H](NCc1cccc2nc(C3CCCC(C(F)(F)F)C3)n(-c3c(C)cc(C(=O)NC)cc3C)c12)c1cccc(OC)c1,0
341,CCCC[C@@H](NCc1cccc2nc(C3CCOC(CC)C3)n(-c3c(OC)cccc3C(=O)NC)c12)c1ccccc1F,0
342,CCCC[C@@H](NCc1cnc2c(c1)nc(-c1cc(OC)cc(OC)c1)n2[C@H]1CC[C@H](C(=O)NC)C1)c1ccc(F)cc1,0
343,CCCC[C@@H](NCc1cnc2c(c1)nc(-c1cnc3ccccc3n1)n2[C@H]1CC[C@H](C(=O)NC)C1)c1ccc(F)cc1,0
344,CCCC[C@@H](NCc1cnc2c(c1)nc(C(C)c1ccccc1)n2[C@H]1[C@@H]2CC[C@@H](C2)[C@H]1C(=O)NC)c1ccc(F)cc1,0
345,CCCC[C@@H](NCc1cnc2c(c1)nc(Cc1ccc(C)c(C)c1)n2-c1ccccc1CC(=O)NC)c1ccc(F)cc1,0
346,CCCC[C@@H]1c2ccccc2CCN1Cc1c(O)ccc2nc([C@H](O)[C@@H](O)[C@H](O)CO)n(-c3ccc(C(=O)NC)cc3)c12,0
347,CCCC[C@@H]1c2ccccc2CCN1Cc1ccc2c(c1)nc(-c1ccc(F)c(C)c1)n2[C@H]1CC[C@@H](C(=O)NC)CC1,0
348,CCCC[C@@H]1c2ccccc2CCN1Cc1cccc2nc(-c3cc(C)c(O)c(C)c3)n([C@H]3CC[C@@H](C(=O)NC)C3)c12,0
349,CCCC[C@@H]1c2ccccc2CCN1Cc1cnc2c(c1)nc(-c1coc(C)n1)n2CCCCCCC(=O)NC,0
350,CCCC[C@@H]1c2ccccc2CCN1Cc1cnc2c(c1)nc(C1(c3ccccc3)CCC1)n2-c1cc(C(=O)NC)ccc1C,0
351,CCCC[C@H](CC)NC(=O)C(C)Oc1c(Cl)cc(CN2CCc3ccc(C(=O)NC)cc3C2)cc1OCC,0
352,CCCC[C@H](CC)NCc1cccc2nc(C(C)(C)CNC(=O)OC(C)(C)C)n([C@H](CC(=O)NC)C(F)(F)F)c12,0
353,CCCC[C@H](CO)NC(=O)C(Oc1ccc(CN2CCN(c3ccc(C(=O)NC)cc3)CC2)cc1)c1ccccc1,0
354,CCCC[C@H](CO)NC(=O)c1ccc(COc2ccccc2CN2CCC[C@@H]2CC(=O)NC)cc1,0
355,CCCC[C@H](CO)NCc1c(O)ccc2nc(C3CC(C)CC(C)C3)n([C@H](CC(=O)NC)Cc3ccccc3)c12,0
356,CCCC[C@H](CO)NCc1ccc2c(c1)nc(CCc1cncc(OC)c1)n2-c1ccc(C(=O)NC)c(OC)c1,0
357,CCCC[C@H](CO)NCc1cccc2nc(-c3ccc4[nH]ccc4c3)n([C@H]3CCC[C@H]3C(=O)NC)c12,0
358,CCCC[C@H](CO)NCc1cnc2c(c1)nc(C(C)C1CCCC1)n2CCCCCCC(=O)NC,0
359,CCCC[C@H](c1ccccc1)N(C)C(=O)CN1C(=O)[C@@H](C)Oc2ccc(CN3C[C@@H](C(=O)NC)[C@H](c4ccccc4Cl)C3)cc21,0
360,CCCC[C@H](c1ccccc1)N(C)Cc1ccc2c(c1)nc(C(OC)C1CCCC1)n2[C@H]1C[C@H](C(=O)NC)C1,0
361,CCCC[C@H](c1ccccc1)N(C)Cc1ccc2c(c1)nc(CC(C)(C)C1CC1)n2-c1c(OC)cccc1C(=O)NC,0
362,CCCC[C@H](c1ccccc1)N(C)Cc1cccc2nc(-c3cc(C)c(C)cc3C)n(C3CC4(CC(C(=O)NC)C4)C3)c12,0
363,CCCC[C@H](c1ccccc1)N(C)Cc1cccc2nc(-c3ccc(O)c(O)c3)n(-c3ccc(C(=O)NC)cc3)c12,0
364,CCCC[C@H](c1ccccc1)N(C)Cc1cccc2nc(-c3ccccc3OC(F)F)n(-c3ccc(C)c(C(=O)NC)c3)c12,0
365,CCCC[C@H](c1ccccc1)N(C)Cc1cccc2nc(-c3ccnc(Cl)c3F)n(-c3cc4ccccc4cc3C(=O)NC)c12,1
366,CCCC[C@H](c1ccccc1)N(C)Cc1cccc2nc(C3CCc4ccccc43)n([C@H]3C[C@@H](C(=O)NC)C3)c12,0
367,CCCC[C@H](c1ccccc1)N(C)Cc1cnc2c(c1)nc(C1=Cc3ccc(OC)cc3OC1)n2CC1(C(=O)NC)CC1,0
368,CCCN(C(=O)c1ccc(COc2ccc(Cl)cc2CN2CCc3cc(C(=O)NC)ccc3C2)cc1)[C@@H]1CCc2ccccc21,0
369,CCCN(C)C(=O)CNCc1ccc2c(c1)nc(CC1CCC1)n2C[C@@H]1C[C@H]1C(=O)NC,0
370,CCCN(C)C(=O)CNCc1cccc2nc(-c3ocnc3C)n([C@H]3CCC[C@H]3C(=O)NC)c12,0
371,CCCN(C)C(=O)CNCc1cnc2c(c1)nc(-c1ccc(OC)cc1O)n2[C@H](CC(=O)NC)C1CC1,0
372,CCCN(CC1CC1)C(=O)c1cccc(-c2cccc(CN3CC[C@H](c4ccc(C(=O)NC)cc4)C3)c2)c1,0
373,CCCN(CCC)Cc1c(O)ccc2nc(C(C)(C)CC)n([C@H]3CC[C@H](CC(=O)NC)CC3)c12,0
374,CCCN(CCC)Cc1ccc2c(c1)nc(COc1ccccn1)n2-c1ccc(OC)c(C(=O)NC)c1,0
375,CCCN(CCC)Cc1cnc2c(c1)nc(-c1cncs1)n2-c1ccc(C(=O)NC)c(C)c1,0
376,CCCN(CCCNC(=O)Cc1cccc(-c2ccc(CN3CC(c4ccc(C(=O)NC)cc4)C3)cc2)c1)S(C)(=O)=O,0
377,CCCN(CCCNCc1c(O)ccc2nc(C3(S(=O)(=O)NC(C)(C)C)CCC3)n(-c3cc(OC)cc(C(=O)NC)c3)c12)S(C)(=O)=O,0
378,CCCN(CCCNCc1ccc2c(c1)nc(C1(OC)CCCC1)n2CCC(=O)NC)S(C)(=O)=O,0
379,CCCN(CCCNCc1cccc2nc(-c3ccc(O)c(OCC)c3)n(-c3cc(C(=O)NC)ccc3C)c12)S(C)(=O)=O,0
380,CCCN(CCCNCc1cnc2c(c1)nc(-c1ccc(F)c(F)c1F)n2CC1(C(=O)NC)CC1)S(C)(=O)=O,0
381,CCCN(CCCO)Cc1c(O)ccc2nc(-c3ccc(OCc4ccccc4)c(OC)c3)n(-c3ccccc3CC(=O)NC)c12,0
382,CCCN(CCCO)Cc1c(O)ccc2nc(-c3ccn(CC)n3)n(-c3ccc(OC)c(C(=O)NC)c3)c12,0
383,CCCN(CCCO)Cc1ccc2c(c1)nc(C1(C)CCC(C)(C)CC1)n2[C@H]1c2ccccc2C[C@H]1C(=O)NC,0
384,CCCN(CCO)C(=O)COc1ccc(CN2CCCc3cc(C(=O)NC)ccc32)cc1Cl,0
385,CCCN(CCO)C(=O)c1ccnc(-c2ccc(CN3CCCN(Cc4cc(C(=O)NC)ccc4F)CC3)cc2)c1,0
386,CCCN(CCO)Cc1cnc2c(c1)nc(-c1ccccc1OCc1ccccc1)n2-c1cc(C(=O)NC)ccc1C,0
387,CCCN(CCOC)C(=O)c1cccc(CN2CCC(O)(CC(=O)NC)CC2)n1,0
388,CCCN(CCOC)C(=O)c1ccccc1-c1ccccc1CN1CC(CC(=O)NC)C1,0
389,CCCN(CCOC)Cc1cnc2c(c1)nc(-c1cc(C)c(O)c(C)c1)n2[C@H]1CC[C@@H](CC(=O)NC)CC1,0
390,CCCN(CCOC)Cc1cnc2c(c1)nc(CC1CCC1)n2-c1ccc(C(=O)NC)c(OC)c1,0
391,CCCN(CCc1ccccc1)Cc1c(O)ccc2nc(-c3ccc(OC)c(OC)c3OC)n(-c3ccc(OC)c(C(=O)NC)c3)c12,0
392,CCCN(CCc1ccccc1)Cc1cccc2nc(C3CCN(c4cnn(C)c4)C3)n([C@@H]3C[C@@H]3C(=O)NC)c12,0
393,CCCN(Cc1c(O)ccc2nc(-c3ccc(N4CCN(C)CC4)cc3)n([C@H]3CCC[C@H]3C(=O)NC)c12)CC(F)F,0
394,CCCN(Cc1ccc2c(c1)nc(-c1ccc(-n3ccnc3)cc1)n2-c1c(C)cc(C(=O)NC)cc1C)CC(F)(F)F,0
395,CCCN(Cc1ccc2c(c1)nc(-c1ccc(C(OCC)OCC)cc1)n2-c1ccc(C(=O)NC)c(C)c1)CC(F)F,0
396,CCCN(Cc1ccc2c(c1)nc(C(CC)c1ccccc1)n2-c1ccc(C(=O)NC)cc1OC)CC(F)F,0
397,CCCN(Cc1cccc2nc(-c3ccc(-n4cccn4)cc3)n(CC3(C(=O)NC)CC3)c12)CC(F)(F)F,0
398,CCCN(Cc1cnc2c(c1)nc(-c1cc(F)ccc1F)n2[C@H](CC(=O)NC)Cc1ccccc1)CC(F)(F)F,0
399,CCCN(Cc1cnc2c(c1)nc(-c1cnc3sccn13)n2-c1ccc(C(=O)NC)c(OC)c1)CC(F)F,0
400,CCCNC(=O)NCc1[nH]c2c(C)c(Cl)ccc2c1Cc1cn(CC(=O)N2CCC(C(=O)NC)C2)nc1-c1ccccc1,0
401,CCCOCCNC(=O)Cn1cc(CN2CC3C(C2)C3C(=O)NC)c(-c2ccccc2)n1,0
402,CCCOc1ccc(-c2nc3cc(CN(CC)Cc4cccc5c4OCO5)ccc3n2[C@H]2CC[C@H](CC(=O)NC)CC2)cc1,0
403,CCCOc1ccc(-c2nc3cc(CN(CCO)C(C)C)ccc3n2-c2c(C)cc(C(=O)NC)cc2C)cc1,0
404,CCCOc1ccc(-c2nc3cc(CNCc4cccc(F)c4F)ccc3n2[C@H]2[C@@H]3CC[C@@H](C3)[C@H]2C(=O)NC)cc1,0
405,CCCOc1ccc(-c2nc3cc(CN[C@@H](Cc4ccc(Cl)cc4)C(N)=O)cnc3n2[C@H]2[C@@H]3CC[C@@H](C3)[C@H]2C(=O)NC)cc1,0
406,CCCOc1ccc(-c2nc3ccc(O)c(CN4CCCC[C@@H]4C(N)=O)c3n2[C@@H]2C[C@H]2C(=O)NC)cc1,0
407,CCCOc1ccc(-c2nc3ccc(O)c(CN4CCCC[C@@H]4COC)c3n2[C@@H](CC(=O)NC)Cc2ccccc2)cc1,0
408,CCCOc1ccc(NC(=O)c2ccc(-c3ccccc3CN3CCC(c4cccc(C(=O)NC)c4)C3)cc2F)cc1,0
409,CCC[C@@H](C)N(Cc1ccccc1)Cc1c(O)ccc2nc(-c3ccc(Cl)c4cccnc34)n([C@H]3c4ccccc4C[C@H]3C(=O)NC)c12,0
410,CCC[C@@H](C)N(Cc1ccccc1)Cc1c(O)ccc2nc(-c3ccccc3-c3ccccc3)n([C@H]3c4ccccc4C[C@H]3C(=O)NC)c12,0
411,CCC[C@@H](C)N(Cc1ccccc1)Cc1c(O)ccc2nc(-c3ccn(C)c(=O)c3)n([C@H]3C[C@H](C(=O)NC)C3)c12,0
412,CCC[C@@H](C)N(Cc1ccccc1)Cc1ccc2c(c1)nc(-c1ccc(-c3nn[nH]n3)cc1)n2[C@H]1C[C@@H](C(=O)NC)C1,0
413,CCC[C@@H](C)N(Cc1ccccc1)Cc1cccc2nc(-c3cc(Cl)c(O)c(OC)c3)n([C@@H]3CC[C@@H](C(=O)NC)C3)c12,0
414,CCC[C@@H](C)N(Cc1ccccc1)Cc1cccc2nc(-c3cccn(C(F)F)c3=O)n([C@H](CC(=O)NC)C(F)(F)F)c12,0
415,CCC[C@@H](C)N(Cc1ccccc1)Cc1cnc2c(c1)nc(-c1cccnc1)n2[C@H]1C[C@@H](C(=O)NC)C1,0
416,CCC[C@@H](C)NC(=O)c1ccc(COc2cccc(CN3CCc4ccc(C(=O)NC)cc4CC3)c2)o1,0
417,CCC[C@@H](C)NC(=O)c1ccc(Cl)c(-c2ccc(CN3Cc4ccccc4C[C@H]3CC(=O)NC)cc2)c1,0
418,CCC[C@@H](C)NCc1c(O)ccc2nc(C(C)c3ccc(F)cc3)n([C@H]3C[C@H](C(=O)NC)C3)c12,0
419,CCC[C@@H](C)NCc1cccc2nc(C(C)c3ccccc3)n(-c3ccc(OC)c(C(=O)NC)c3)c12,0
420,CCC[C@@H](C)NCc1cnc2c(c1)nc(-c1ccc(OCC)c(OC)c1)n2C[C@@H]1C[C@H]1C(=O)NC,0
421,CCC[C@@H](CNCc1c(O)ccc2nc(CC3CCCCC3)n(-c3cc(OC)cc(C(=O)NC)c3)c12)c1ccccc1,0
422,CCC[C@@H](CNCc1ccc2c(c1)nc(-c1cc(-c3ccccc3)no1)n2[C@H](CC(=O)NC)Cc1ccccc1)c1ccccc1,0
423,CCC[C@@H](CNCc1ccc2c(c1)nc(CN1C(=O)COc3ccccc31)n2-c1ccc(C(=O)NC)c(OC)c1)c1ccccc1,0
424,CCC[C@@H](CNCc1cccc2nc(-c3cccc4ncnn34)n(CC3(C(=O)NC)CC3)c12)c1ccccc1,0
425,CCC[C@@H](CNCc1cnc2c(c1)nc(-c1ccc(Cl)cc1F)n2[C@@H]1CC[C@H](C(=O)NC)C1)c1ccccc1,0
426,CCC[C@@H](CO)NC(=O)c1cccc(COc2ccc(CN(C)[C@@H]3CCN(Cc4cccc(OCC(=O)NC)c4)C3)cc2)c1,0
427,CCC[C@@H](CO)NCc1c(O)ccc2nc(-c3c(OC)cc(OC)cc3OC)n(-c3ccc(C)c(C(=O)NC)c3)c12,0
428,CCC[C@@H](CO)NCc1ccc2c(c1)nc(CCc1cnn(C)c1)n2[C@H](CC(=O)NC)C(F)(F)F,0
429,CCC[C@@H](CO)NCc1cccc2nc(C3(CC)CCOCC3)n(-c3ccc(OC)c(C(=O)NC)c3)c12,0
430,CCC[C@@H](CO)NCc1cccc2nc(C3=CCSC3)n(-c3ccc(C(=O)NC)c(OC)c3)c12,0
431,CCC[C@@H](CO)NCc1cnc2c(c1)nc(-c1ncc(C)o1)n2C[C@@H]1C[C@H]1C(=O)NC,0
432,CCC[C@@H](NCc1c(O)ccc2nc(C(OC)C3CCCC3)n(-c3cc4ccccc4cc3C(=O)NC)c12)c1ccc(C(F)(F)F)cc1,0
433,CCC[C@@H](NCc1c(O)ccc2nc(C3CCOC(CC)C3)n([C@H]3CC[C@@H](C(=O)NC)C3)c12)c1ccccc1,0
434,CCC[C@@H](NCc1c(O)ccc2nc(CCc3ccncn3)n([C@@H]3C[C@@H]3C(=O)NC)c12)c1ccc(OC(F)F)cc1,0
435,CCC[C@@H](NCc1ccc2c(c1)nc(-c1ccc(O)cc1C)n2-c1ccc(OC)c(C(=O)NC)c1)c1ccc(C(F)(F)F)cc1,0
436,CCC[C@@H](NCc1ccc2c(c1)nc(C1(C3CCCCO3)CCC1)n2-c1ccc(C(=O)NC)c(C)c1)c1ccccc1,0
437,CCC[C@@H](NCc1ccc2c(c1)nc(C1(C3CCCCO3)CCC1)n2[C@H]1CC[C@H](CC(=O)NC)CC1)c1cccc(C(F)(F)F)c1,0
438,CCC[C@@H](NCc1cccc2nc(-c3c[nH]c4ncccc34)n(-c3cc(OC)cc(C(=O)NC)c3)c12)c1ccccc1,0
439,CCC[C@@H](NCc1cccc2nc(-c3ccn(C)n3)n([C@H](CC(=O)NC)c3ccccc3)c12)c1cccc(C(F)(F)F)c1,0
440,CCC[C@@H](NCc1cccc2nc(-c3cnc4ccccc4n3)n([C@@H]3CC[C@@H](C(=O)NC)C3)c12)c1ccccc1,0
441,CCC[C@@H](NCc1cccc2nc(-c3n[nH]c4ccccc34)n(-c3ccc(C(=O)NC)cc3C)c12)c1cccc(C(F)(F)F)c1,0
442,CCC[C@@H](NCc1cccc2nc(C3(CC)COC3)n(CC3(C(=O)NC)CC3)c12)c1ccccc1,0
443,CCC[C@@H](NCc1cccc2nc([C@@H]3CCO[C@H]3c3nccn3CC)n(-c3cc(OC)cc(C(=O)NC)c3)c12)c1ccc(C(F)(F)F)cc1,0
444,CCC[C@@H](NCc1cnc2c(c1)nc(-c1ccc(O)cc1Cl)n2[C@H](CC(=O)NC)c1cccnc1)c1ccccc1,0
445,CCC[C@@H]1CN(Cc2cc(Cl)c(OC(C)C(=O)Nc3ccc(CC(=O)NC)cc3)c(OCC)c2)CCN1CC(=O)NC,0
446,CCC[C@@H]1CN(Cc2ccc(OC)c(OC)c2C(=O)NCCc2nc(C)c(C)s2)CCN1CC(=O)NC,0
447,CCC[C@@H]1CN(Cc2ccc(OC)c(OCc3ccc(C(=O)NCc4ccc(C)o4)o3)c2)CCN1CC(=O)NC,0
448,CCC[C@@H]1c2ccccc2CCN1Cc1c(O)ccc2nc(-c3cc(C)on3)n([C@@H]3CC[C@@H](C(=O)NC)C3)c12,0
449,CCC[C@@H]1c2ccccc2CCN1Cc1c(O)ccc2nc(-c3ccccc3N3CCCCC3)n(-c3ccc(C(=O)NC)c(OC)c3)c12,0
450,CCC[C@@H]1c2ccccc2CCN1Cc1c(O)ccc2nc(C3=Cc4ccc(OC)cc4OC3)n(-c3ccc(C(=O)NC)c(OC)c3)c12,0
451,CCC[C@@H]1c2ccccc2CCN1Cc1cnc2c(c1)nc(-c1cc3ccccc3n(C)c1=O)n2-c1ccc(C(=O)NC)cc1,0
452,CCC[C@@H]1c2ccccc2CCN1Cc1cnc2c(c1)nc(C1=CCSC1(C)C)n2[C@H]1CC[C@H](C(=O)NC)C1,0
453,CCC[C@@](C)(NCc1c(O)ccc2nc(-c3cccn4ccnc34)n([C@@H]3C[C@H]3C(=O)NC)c12)c1ccccc1,0
454,CCC[C@@](C)(NCc1ccc2c(c1)nc(C1(COC)CCOCC1)n2C[C@@H]1C[C@H]1C(=O)NC)c1ccccc1,0
455,CCC[C@@](C)(NCc1ccc2c(c1)nc(CCOc1ccc(Cl)c(Cl)c1)n2[C@H]1CC[C@@H](C(=O)NC)CC1)c1ccccc1,0
456,CCC[C@@](C)(NCc1cccc2nc(-c3cc(C)ccc3C)n(-c3ccc(OC)c(C(=O)NC)c3)c12)c1ccccc1,0
457,CCC[C@@](C)(NCc1cccc2nc(C(C)(C)C)n(-c3ccc(C)c(C(=O)NC)c3)c12)c1ccccc1,0
458,CCC[C@@](C)(NCc1cccc2nc(C3=Cc4ccc(OC)cc4OC3)n(-c3c(OC)cccc3C(=O)NC)c12)c1ccccc1,0
459,CCC[C@@](C)(NCc1cccc2nc(CC(C)(C)C3CC3)n(-c3cccc(C(=O)NC)c3)c12)c1ccccc1,0
460,CCC[C@@](C)(NCc1cnc2c(c1)nc(-c1ccn(CC)n1)n2-c1cc2ccccc2cc1C(=O)NC)c1ccccc1,0
461,CCC[C@@](C)(NCc1cnc2c(c1)nc(C(c1ccccc1)C1CC1)n2-c1ccc(C)c(C(=O)NC)c1)c1ccccc1,0
462,CCC[C@@](C)(NCc1cnc2c(c1)nc(CCOCC)n2-c1c(C)cc(C(=O)NC)cc1C)c1ccccc1,0
463,CCC[C@@](C)(c1ccccc1)N(C)C(=O)c1ccc(CN2CCN(Cc3ccc(CC(=O)NC)cc3)CC2)cc1,0
464,CCC[C@@](C)(c1ccccc1)N(C)C(=O)c1cccc2[nH]nc(CN(C)CCCCC(=O)NC)c12,0
465,CCC[C@@](C)(c1ccccc1)N(C)Cc1c(O)ccc2nc([C@H](O)[C@@H](O)[C@@H](O)CO)n([C@H]3C[C@@H](C(=O)NC)C3)c12,0
466,CCC[C@@](C)(c1ccccc1)N(C)Cc1ccc2c(c1)nc(C1=CCN(Cc3ccccc3)CC1)n2[C@H]1CC[C@H](C(=O)NC)C1,0
467,CCC[C@@](C)(c1ccccc1)N(C)Cc1cccc2nc(-c3cnc(-c4ccccc4)s3)n([C@H](CC(=O)NC)c3cccnc3)c12,0
468,CCC[C@H](CO)NCc1c(O)ccc2nc(Cc3ccc(F)c(C)c3)n([C@H](CC(=O)NC)c3cccnc3)c12,0
469,CCC[C@H](CO)NCc1cccc2nc(-c3ccc(O)c(Cl)c3)n([C@H](CC(=O)NC)c3cccnc3)c12,0
470,CCC[C@H](CO)NCc1cccc2nc(-c3ccc(OC)cc3)n([C@H]3CC[C@H](C(=O)NC)C3)c12,0
471,CCC[C@H](CO)NCc1cnc2c(c1)nc(-c1ccccc1OC(F)F)n2[C@H]1[C@@H]2CC[C@@H](C2)[C@H]1C(=O)NC,0
472,CCC[C@H]1CN(CC(=O)NC)CCN1Cc1cc(C)c(C(=O)NCc2ccc(C)cc2)c(C)c1,0
473,CCC[C@H]1CN(CC(=O)NC)CCN1Cc1cc(OCC)ccc1OCC(=O)N(C)Cc1ccon1,0
474,CCC[C@H]1CN(CC(=O)NC)CCN1Cc1ccc(-c2cccc(C(=O)NCc3nn(C)c4ccc(C)cc34)c2)o1,0
475,CCC[C@H]1CN(Cc2cc(OCC)c(OCC(=O)N[C@H]3CC[C@@H]4CCC[C@@H]43)cc2Cl)CCN1CC(=O)NC,0
476,CCC[C@H]1CN(Cc2cc(OCC)ccc2OCC(=O)N(C)C[C@@H]2CCCCO2)CCN1CC(=O)NC,0
477,CCC[C@H]1CN(Cc2cc(OCC)ccc2OCC(=O)N2CCS(=O)(=O)CC2)CCN1CC(=O)NC,0
478,CCC[C@H]1CN(Cc2ccc(OCCC(=O)N[C@H]3CCCn4nc(C)nc43)cc2)CCN1CC(=O)NC,0
479,CCC[C@H]1CN(Cc2cccc(OCc3ccc(C(=O)Nc4ccc(F)c(Cl)c4)o3)c2)CCN1CC(=O)NC,0
480,CCCc1cc(=O)n(-c2ccc(C(=O)Nc3cc(C#CC(C)(C)NC(=O)COC)ccc3N3CCN(C(=O)CCOCCC(=O)NC)CC3)cc2)[nH]1,0
481,CCCc1cc(=O)n(-c2ccc(C(=O)Nc3ccc(Sc4ccc(C#CC5CCN(S(C)(=O)=O)CC5)cc4)c(C(=O)N4CCC(C(=O)NC)CC4)c3)cc2)[nH]1,0
482,CCCc1cc(CNCc2ccc3c(c2)nc(C2CCC(F)(F)C2)n3[C@H]2CC[C@@H](C(=O)NC)C2)on1,0
483,CCCc1cc(CNCc2cnc3c(c2)nc(-c2cnnn2C)n3[C@H]2CC[C@@H](C(=O)NC)C2)on1,0
484,CCCc1cc(CNCc2cnc3c(c2)nc(C2CC4CCC2O4)n3CCCCCCC(=O)NC)on1,0
485,CCCc1ccccc1NC(=O)NCc1[nH]c2ccccc2c1Cc1cn(CCCC(=O)N2CCN(CC(=O)NC)CC2)c2ccccc12,0
486,CCCc1ccccc1NC(=O)Nc1ccc(Sc2ccc(-c3cc(C)ccc3F)cc2)c(C(=O)N2CCC(C(=O)NC)C2)c1,0
487,CCCc1ccccc1NC(=O)Nc1cccc(-c2[nH]c3ccccc3c2Cc2cc(C(=O)N3CCN(CC(=O)NC)CC3)ccn2)c1,0
488,CCCn1c(C)cc(CNCc2[nH]c3ccc(C)cc3c2Cc2cccc(OC)c2OC(C)C(=O)NCCC(=O)NC)c1C,0
489,CCCn1c(C)cc(CNCc2[nH]c3ccc(Cl)cc3c2Cc2cccc(OCc3ccc(C(=O)N4CCC(CC(=O)NC)C4)o3)c2)c1C,0
490,CCCn1c(C)cc(CNc2ccc3c(Cc4ccc(OC)c(OC(C(=O)NCCOCCOCCOCCOCCC(=O)NC)c5ccccc5)c4)c[nH]c3c2)c1C,0
491,CCCn1c(C)cc(CNc2ccccc2-c2[nH]c3ccccc3c2Cc2ccc(OC(C)C(=O)NC)c(OC)c2)c1C,0
492,CCCn1cc(-c2ccc(N3CCN(C(=O)CCOCCOCCC(=O)NC)CC3)c(NCc3nc4cnccc4n3C)c2)cn1,0
493,CCCn1ncc(-c2nc3cc(CNC[C@@H](CCO)c4ccccc4)cnc3n2-c2ccccc2CC(=O)NC)c1C,0
494,CCCn1ncc(-c2nc3cc(CNC[C@@H]4CCCN(S(C)(=O)=O)C4)ccc3n2-c2ccc(C(=O)NC)c(OC)c2)c1C,0
495,CCCn1ncc(-c2nc3cccc(CN[C@@H](C)c4cccc5ccccc45)c3n2[C@H]2CC[C@@H](C(=O)NC)C2)c1C,0
496,CCCn1nccc1CNC(=O)C[C@H]1CN(C(=O)CCc2nnc(-c3ccccc3)o2)C[C@H](CC(C)C)N1CC(=O)NC,0
497,CCN(C(C)=O)[C@H]1CCN(Cc2cccc3nc(-c4cc(OC)c(O)c(OC)c4)n(CC4(C(=O)NC)CC4)c23)C1,0
498,CCN(C(C)=O)[C@H]1CCN(Cc2cccc3nc(-c4ccc(OCc5ccc(F)cc5)cc4)n([C@@H](CC(=O)NC)Cc4ccccc4)c23)C1,0
499,CCN(C(C)=O)[C@H]1CCN(Cc2cnc3c(c2)nc(C(c2ccccc2)c2ccccc2)n3[C@@H]2C[C@@H]2C(=O)NC)C1,0
500,CCN(C)C(=O)C(Oc1cc(CN2CC(C(=O)NC)C2)ccc1OC)c1ccccc1,0
501,CCN(CC(=O)N1CCCCCC1)C(=O)c1cc(F)cc(CN2CCc3ccc(C(=O)NC)cc3CC2)c1,0
502,CCN(CC(=O)N1CCCCCC1)Cc1c(O)ccc2nc(C(C)c3ccc(S(C)(=O)=O)cc3)n(-c3cc(C(=O)NC)ccc3C)c12,0
503,CCN(CC(=O)N1CCCCCC1)Cc1c(O)ccc2nc([C@@H]3CCO[C@H]3c3ccnn3C)n([C@@H]3CC[C@H](C(=O)NC)C3)c12,0
504,CCN(CC(=O)N1CCCCCC1)Cc1cccc2nc(C3(OC)CCOCC3)n([C@H](CC(=O)NC)c3ccccc3)c12,0
505,CCN(CC)C(=O)CN(C)Cc1c(O)ccc2nc(C(C)(C)COC)n([C@H](CC(=O)NC)C3CC3)c12,0
506,CCN(CC)C(=O)CNC(=O)c1ccccc1-c1ccc(CN2CCC[C@H]2C(=O)NC)o1,0
507,CCN(CC)C(=O)CNCc1c(O)ccc2nc([C@@H]3CCO[C@H]3c3ccnn3C)n(-c3ccc(C(=O)NC)cc3C)c12,0
508,CCN(CC)C(=O)CNCc1ccc2c(c1)nc(-c1coc(C)n1)n2[C@@H]1C[C@@H]1C(=O)NC,0
509,CCN(CC)C(=O)CNCc1cccc2nc(-c3ccnc(Cl)c3F)n([C@H]3CC[C@H](CC(=O)NC)CC3)c12,1
510,CCN(CC)C(=O)CNCc1cnc2c(c1)nc(C1(C(F)F)CC1)n2-c1c(C)cc(C(=O)NC)cc1C,0
511,CCN(CC)C(=O)[C@H]1CCCN(Cc2c(O)ccc3nc(C4=CCSC4(C)C)n([C@H](CC(=O)NC)c4ccccc4)c23)C1,0
512,CCN(CC)C(=O)[C@H]1CCCN(Cc2ccc(NC[C@@H]3C[C@H]3C(=O)NC)c([N+](=O)[O-])c2)C1,0
513,CCN(CC)C(=O)[C@H]1CCCN(Cc2cnc3c(c2)nc(-c2ccc(O)c(OC)c2)n3[C@H]2CC[C@H](CC(=O)NC)CC2)C1,0
514,CCN(CC)C(=O)[C@H]1CCCN(Cc2cnc3c(c2)nc(-c2cccnc2)n3-c2ccccc2CC(=O)NC)C1,0
515,CCN(CC)C(=O)c1cc(F)cc(-c2cccc([C@H]3CN(Cc4cc(OC)ccc4C)C[C@@H]3C(=O)N3CCC(CCC(=O)NC)CC3)c2)c1,0
516,CCN(CC)CCNCc1c(O)ccc2nc(C3(c4ccccc4F)CC3)n([C@H]3CC[C@@H](CC(=O)NC)CC3)c12,0
517,CCN(CC)CCNCc1c(O)ccc2nc(C3CC34CCOCC4)n(-c3cc(OC)cc(C(=O)NC)c3)c12,0
518,CCN(CC)CCNCc1cccc2nc(C3(C(F)F)CCC3)n(Cc3ccccc3C(=O)NC)c12,0
519,CCN(CC)Cc1c(O)ccc2nc(-c3ccc(C)c(C)c3)n([C@H](CC(=O)NC)c3ccc(OC)cc3)c12,0
520,CCN(CC)Cc1c(O)ccc2nc(C3CC3C#N)n([C@H](CC(=O)NC)C3CC3)c12,0
521,CCN(CC)Cc1ccc2c(c1)nc(-c1c[nH]nc1-c1ccccc1)n2[C@H](CC(=O)NC)c1ccc(OC)cc1,0
522,CCN(CC)Cc1ccc2c(c1)nc(CCCc1ccccc1)n2C1CC2(CC(C(=O)NC)C2)C1,0
523,CCN(CC)Cc1cccc2nc(-c3ccc4[nH]ccc4c3)n([C@H]3[C@@H]4CC[C@@H](C4)[C@H]3C(=O)NC)c12,0
524,CCN(CC)Cc1cnc2c(c1)nc(CC1CCC1)n2C[C@@H]1C[C@H]1C(=O)NC,0
525,CCN(CC)c1ccc(-c2nc3cc(CN[C@H](CC(N)=O)C(F)(F)F)cnc3n2-c2cc(C(=O)NC)ccc2C)c(O)c1,0
526,CCN(CC)c1ccc(-c2nc3ccc(O)c(CN(C)C(CC)(CC)c4ccccc4)c3n2[C@@H]2C[C@@H]2C(=O)NC)c(O)c1,0
527,CCN(CC)c1ccc(-c2nc3ccc(O)c(CN4CC[C@H](N(CC)C(C)=O)C4)c3n2C2CC3(CC(C(=O)NC)C3)C2)c(O)c1,0
528,CCN(CC)c1ccc(-c2nc3ccc(O)c(CNCC4(c5ccc(Cl)cc5)CC4)c3n2[C@H]2CC[C@@H](CC(=O)NC)CC2)c(O)c1,0
529,CCN(CC)c1ccc(-c2nc3ccc(O)c(CNCc4cnn(-c5ccccc5C)c4)c3n2-c2cc(C(=O)NC)ccc2C)c(O)c1,0
530,CCN(CC)c1ccc(-c2nc3cccc(CN(C)Cc4ccnc(C)c4)c3n2[C@H]2CCC[C@H]2C(=O)NC)c(O)c1,0
531,CCN(CC)c1ccc(-c2nc3cccc(CNCc4c(F)cccc4F)c3n2CC2(C(=O)NC)CC2)c(O)c1,0
532,CCN(CC)c1ccc(-c2nc3cccc(CNc4ccc(C)c(S(N)(=O)=O)c4)c3n2[C@@H]2C[C@@H]2C(=O)NC)c(O)c1,0
533,CCN(CC)c1ccc(CNC(C)c2cccc3c(Cc4cc(C)n(-c5ccc(OC(C)C(=O)N6CCC(CC(=O)NC)C6)cc5)c4C)c[nH]c23)cn1,0
534,CCN(CC)c1ccc(CNc2cccc3[nH]cc(Cc4ccc(C(=O)N5CCC(C(=O)NC)CC5)[nH]4)c23)cn1,0
535,CCN(CCC(F)(F)F)C(=O)c1cc(CN2CCC3(CC2)CC(CC(=O)NC)c2ccccc23)ccc1OCc1ccccc1,0
536,CCN(CCC(F)(F)F)Cc1ccc2c(c1)nc(C(C)c1ccccc1)n2[C@H]1CCC[C@H]1C(=O)NC,0
537,CCN(CCC(F)(F)F)Cc1ccc2c(c1)nc(C1(OC)CCOC1)n2-c1c(C)cc(C(=O)NC)cc1C,0
538,CCN(CCC(F)(F)F)Cc1cnc2c(c1)nc(-c1oc(C)nc1C)n2[C@H]1CCC[C@H]1C(=O)NC,0
539,CCN(CCC(F)(F)F)Cc1cnc2c(c1)nc([C@@H]1C[C@H]1c1ccccc1)n2[C@@H]1CC[C@@H](C(=O)NC)C1,0
540,CCN(CCCO)C(=O)c1cncc(-c2ccc(CN3CCN(CC(=O)NC)[C@H](c4ccccc4OC)C3)cc2)c1,0
541,CCN(CCNCc1c(O)ccc2nc(C3=CCSC3(C)C)n(-c3cccc(C(=O)NC)c3)c12)c1cccc(C)c1,0
542,CCN(CCNCc1ccc2c(c1)nc(C(C(C)C)C(C)C)n2[C@@H]1CC[C@@H](C(=O)NC)C1)c1cccc(C)c1,0
543,CCN(CCO)Cc1c(O)ccc2nc(-c3ccc(F)c(C)c3)n([C@@H]3CC[C@H](C(=O)NC)C3)c12,0
544,CCN(CCO)Cc1cccc2nc(C3CC4(CC4)C3)n([C@H](CC(=O)NC)C(F)(F)F)c12,0
545,CCN(CCO)Cc1cccc2nc(CC3CCCC3)n([C@H](CC(=O)NC)c3ccc(OC)cc3)c12,0
546,CCN(CCOC)Cc1ccc2c(c1)nc(C(OC)C1CC1)n2[C@H](CC(=O)NC)C1CC1,0
547,CCN(CCOC)Cc1ccc2c(c1)nc(C1=CCCOC1)n2-c1ccc(C(=O)NC)cc1,0
548,CCN(CCOC)Cc1ccc2c(c1)nc(C1CCC(F)CC1)n2[C@H](CC(=O)NC)c1ccc(OC)cc1,0
549,CCN(CCOC)Cc1cccc2nc(-c3cn(Cc4ccccc4)nc3-c3ccc(C)cc3)n(-c3ccc(C(=O)NC)c(C)c3)c12,0
550,CCN(CCS(C)(=O)=O)C(=O)C(C)Oc1ccc(CN2CCC[C@H]2C(=O)NCC(=O)NC)cc1OC,0
551,CCN(Cc1ccc(OC)cc1)C(=O)c1cccc(-c2ccc(CN3CCN(Cc4ccccc4)C[C@H]3C(=O)NC)cc2)c1,0
552,CCN(Cc1ccc2c(c1)nc(-c1c[nH]nc1C)n2[C@H]1CCC[C@@H](C(=O)NC)C1)Cc1cccc2c1OCO2,0
553,CCN(Cc1ccc2c(c1)nc(-c1cn[nH]c1)n2[C@H](CC(=O)NC)C1CC1)Cc1cccc2c1OCO2,0
554,CCN(Cc1ccc2c(c1)nc(-c1nc3ccccc3n1CC)n2[C@H]1CC[C@H](C(=O)NC)C1)C[C@@H]1CCCO1,0
555,CCN(Cc1ccc2c(c1)nc(C(C)(C)C(F)(F)CC)n2-c1ccc(C(=O)NC)cc1)C[C@@H]1CCCO1,0
556,CCN(Cc1ccc2c(c1)nc(C1(c3ccc4c(c3)OCO4)CC1)n2-c1c(C)cc(C(=O)NC)cc1C)Cc1cccc2c1OCO2,0
557,CCN(Cc1ccc2c(c1)nc(C1(c3ccccc3)CCC1)n2-c1ccc(OC)c(C(=O)NC)c1)[C@@H](C)C(N)=O,0
558,CCN(Cc1ccc2c(c1)nc(C1CC1(F)F)n2[C@@H]1C[C@H]1C(=O)NC)Cc1cccc2c1OCO2,0
559,CCN(Cc1ccc2c(c1)nc(Cc1ccc(C)cc1)n2[C@@H]1CC[C@@H](C(=O)NC)C1)[C@@H](C)C(N)=O,0
560,CCN(Cc1cccc2c1OCO2)Cc1c(O)ccc2nc(-c3c(C)nc4sccn34)n([C@H](CC(=O)NC)C3CC3)c12,0
561,CCN(Cc1cccc2c1OCO2)Cc1c(O)ccc2nc(C(C)(C)N(C)C)n(-c3ccc(C)c(C(=O)NC)c3)c12,0
562,CCN(Cc1cccc2c1OCO2)Cc1c(O)ccc2nc(C3CC(c4ccccc4)C3)n(C3CC4(CC(C(=O)NC)C4)C3)c12,0
563,CCN(Cc1cccc2c1OCO2)Cc1c(O)ccc2nc([C@@H]3CCCO[C@H]3c3nccn3C)n(CCCCCCC(=O)NC)c12,0
564,CCN(Cc1cccc2nc(-c3ccc(N4CCOCC4)s3)n(-c3ccc(C(=O)NC)cc3C)c12)C[C@@H]1CCCO1,0
565,CCN(Cc1cccc2nc(-c3ccc4nc(C)ccc4c3)n([C@H]3CC[C@@H](C(=O)NC)CC3)c12)C(C)C,0
566,CCN(Cc1cccc2nc(-c3cccc4c3OC(F)(F)O4)n(-c3cc(OC)cc(C(=O)NC)c3)c12)C[C@@H]1CCCO1,0
567,CCN(Cc1cccc2nc(CC(C)(C)C3CC3)n(-c3ccc(C(=O)NC)c(C)c3)c12)C[C@@H]1CCCO1,0
568,CCN(Cc1cccc2nc(Cc3ccc(NC(C)=O)cc3)n([C@@H]3C[C@@H]3C(=O)NC)c12)C[C@@H]1CCCO1,0
569,CCN(Cc1cccc2nc([C@@H]3C[C@H]3C(F)(F)F)n(C[C@@H]3C[C@H]3C(=O)NC)c12)C(C)C,0
570,CCN(Cc1ccccc1)C(=O)c1ccc(-c2ccc(CN3CCC4(CC3)C[C@@H]4C(=O)NC)o2)c(C)c1,0
571,CCN(Cc1ccccc1)Cc1ccc2c(c1)nc(C1CC(C)C1)n2-c1cccc(C(=O)NC)c1,0
572,CCN(Cc1ccccc1)Cc1cnc2c(c1)nc(-c1cccc(-n3nc(C)cc3C)c1)n2[C@@H]1CC[C@@H](C(=O)NC)C1,0
573,CCN(Cc1ccccc1)Cc1cnc2c(c1)nc(C1CCC(C)(C)CC1)n2CCC(=O)NC,0
574,CCN(Cc1cnc2c(c1)nc(-c1[nH]cnc1C)n2-c1ccc(C(=O)NC)cc1)Cc1noc(C2CC2)n1,0
575,CCN(Cc1cnc2c(c1)nc(-c1cc(OC)c3c(c1)OCO3)n2[C@H](CC(=O)NC)Cc1ccccc1)C[C@@H]1CCCO1,0
576,CCN(Cc1cnc2c(c1)nc(-c1ccc(CN(C)C)cc1)n2-c1ccc(C(=O)NC)cc1OC)Cc1cccc2c1OCO2,0
577,CCN(Cc1cnc2c(c1)nc(C1=CCCOC1)n2C[C@@H]1C[C@H]1C(=O)NC)C(C)C,0
578,CCN(Cc1cnc2c(c1)nc(C1=COCCC1)n2[C@@H]1C[C@@H]1C(=O)NC)C[C@@H]1CCCO1,0
579,CCN(Cc1cnc2c(c1)nc(CCOc1ccc(Cl)c(Cl)c1)n2-c1cccc(C(=O)NC)c1)C(C)C,0
580,CCN(Cc1noc(C2CC2)n1)Cc1c(O)ccc2nc(C34COC(C)(C3)C4)n([C@H]3CC[C@H](C(=O)NC)CC3)c12,0
581,CCN(Cc1noc(C2CC2)n1)Cc1c(O)ccc2nc([C@H]3CCCN3C(=O)OC(C)(C)C)n([C@H](CC(=O)NC)Cc3ccccc3)c12,0
582,CCN(c1ccc(-c2cccc([C@H]3CNC[C@@H]3C(=O)N3CC(C(=O)NC)C3)c2)cc1[N+](=O)[O-])S(=O)(=O)c1ccc2c(c1)oc(=O)n2C,0
583,CCN1CCC(c2nc3cc(CN(CCCO)Cc4ccccc4)ccc3n2C2CC3(CC(C(=O)NC)C3)C2)CC1,0
584,CCN1CCC(c2nc3cc(CN(Cc4cnn(CC)c4)C(C)C)cnc3n2CCC(=O)NC)CC1,0
585,CCN1CCC(c2nc3cc(CNCc4ccc(Br)cc4)cnc3n2-c2ccc(C(=O)NC)cc2OC)CC1,0
586,CCN1CCC(c2nc3cc(CNCc4ccc5c(c4)N(C)C(=O)CO5)ccc3n2[C@H]2CC[C@@H](C(=O)NC)CC2)CC1,0
587,CCN1CCC(c2nc3cccc(CN4CCN(C=O)CC4)c3n2-c2ccc(C)c(C(=O)NC)c2)CC1,0
588,CCN1CCC(c2nc3cccc(CN[C@@H](C)C(=O)Nc4ccc(Cl)cc4)c3n2[C@@H]2C[C@H]2C(=O)NC)CC1,0
589,CCN1CCCC(CNC(Cc2ccc(C#CC(CC)(CC)NS(=O)(=O)c3cccc4nonc34)cc2)C(=O)N2CCC(C(=O)NC)C2)C1,0
590,CCN1CCCC(CNCc2[nH]c3ccccc3c2Cc2cccc(OC)c2OC(C)C(=O)NCCOCCOCCOCCOCCC(=O)NC)C1,0
591,CCN1CCCC(CNc2ccc3[nH]c(C)c(Cc4ccc(OCc5cccc(C(=O)N6CCC(CC(=O)NC)CC6)c5)c(OC)c4)c3c2F)C1,0
592,CCN1CCC[C@@H]1CNCc1ccc2c(c1)nc(-c1c(F)ccc(Cl)c1F)n2-c1cc2ccccc2cc1C(=O)NC,0
593,CCN1CCC[C@@H]1CNCc1ccc2c(c1)nc(-c1ccc(F)cc1Cl)n2[C@H](CC(=O)NC)C1CC1,0
594,CCN1CCC[C@@H]1CNCc1ccc2c(c1)nc(C(C)(C)C)n2-c1ccc(C(=O)NC)c(C)c1,0
595,CCN1CCC[C@@H]1CNCc1cnc2c(c1)nc(C(C)(C)CC1CC1)n2-c1ccc(C(=O)NC)c(OC)c1,0
596,CCN1CCN(c2ccc(NCc3c(O)ccc4nc(-c5ccn(C)n5)n([C@H]5[C@@H]6CC[C@@H](C6)[C@H]5C(=O)NC)c34)cc2)CC1,0
597,CCN1CCN(c2ccc(NCc3c(O)ccc4nc(C5=COCCC5)n([C@H]5CC[C@H](C(=O)NC)CC5)c34)cc2)CC1,0
598,CCN1CCN(c2ccc(NCc3cnc4c(c3)nc(-c3ccoc3)n4Cc3ccccc3C(=O)NC)cc2)CC1,0
599,CCN1CCc2cc(CNCc3[nH]c4c(C)c(Cl)ccc4c3Cc3cccc(-c4ccc(C(=O)N5CCC(CC(=O)NC)CC5)cc4)c3)ccc21,0
600,CCN1CCc2cc(CNc3cccc(-c4cccc5c(Cc6cccc(-c7ccc(C(=O)NC)cc7)c6)c[nH]c45)c3)ccc21,0
601,CCN1C[C@@H](CN(C)Cc2c(O)ccc3nc(-c4ccccc4-c4ccccc4)n([C@H](CC(=O)NC)C4CC4)c23)CC1=O,0
602,CCN1C[C@@H](CN(C)Cc2c(O)ccc3nc(C4(CN5CCOCC5)CCCCC4)n([C@@H]4CC[C@H](C(=O)NC)C4)c23)CC1=O,0
603,CCN1C[C@@H](CN(C)Cc2c(O)ccc3nc(CCC4CCCC4)n(-c4ccccc4CC(=O)NC)c23)CC1=O,0
604,CCN1C[C@@H](CN(C)Cc2cccc3nc(-c4cccc(S(C)(=O)=O)c4)n([C@H]4CC[C@@H](CC(=O)NC)CC4)c23)CC1=O,0
605,CCNC(=O)CNCc1ccc2c(c1)nc(C1CC3(CC3)C1)n2[C@H](CC(=O)NC)Cc1ccccc1,0
606,CCNC(=O)CNCc1cccc2nc(C3CCCC(C(F)(F)F)C3)n([C@H](CC(=O)NC)C(F)(F)F)c12,0
607,CCNC(=O)c1ccc(-c2cccc3nc(C(=O)N(C)[C@@H]4CCCN(C(=O)[C@H]5CC[C@H](C(=O)NC)CC5)C4)cn23)cc1,0
608,CCNCc1cccc2nc(-c3nc4ccccc4n3CC)n([C@H](CC(=O)NC)c3cccnc3)c12,0
609,CCNCc1cnc2c(c1)nc(-c1c[nH]nn1)n2[C@@H]1CC[C@H](C(=O)NC)C1,0
610,CCNS(=O)(=O)CCNCc1c(O)ccc2nc(-c3ccc(N4CCOCC4)cc3)n([C@H](CC(=O)NC)c3ccccc3)c12,0
611,CCNS(=O)(=O)CCNCc1c(O)ccc2nc(-c3cccc(O)c3)n(Cc3ccccc3C(=O)NC)c12,0
612,CCNS(=O)(=O)CCNCc1c(O)ccc2nc(C3CCCC(F)C3)n([C@H]3CCC[C@H]3C(=O)NC)c12,0
613,CCNS(=O)(=O)CCNCc1c(O)ccc2nc(CC(C)(C)C#N)n(-c3c(OC)cccc3C(=O)NC)c12,0
614,CCNS(=O)(=O)CCNCc1c(O)ccc2nc(CC(C)(C)C3CC3)n(-c3ccc(C(=O)NC)c(OC)c3)c12,0
615,CCNS(=O)(=O)CCNCc1cccc2nc(C3(C)CCCC3)n(-c3c(C)cc(C(=O)NC)cc3C)c12,0
616,CCNS(=O)(=O)CCNCc1cccc2nc([C@@H]3CCCO[C@H]3c3ccnn3C)n(C3CC4(CC(C(=O)NC)C4)C3)c12,0
617,CCNS(=O)(=O)c1ccc(-c2cccc(C(C(=O)N3CC(C(=O)NC)C3)N3CCN(S(=O)(=O)c4ccc5c(c4)CCCN5C(C)=O)CC3)c2)cc1,0
618,CCNS(=O)(=O)c1ccc(-c2cccc(C(C(=O)N3CCC(CC(=O)NC)CC3)N3CCN(Cc4cccc(-c5ccccc5)c4)CC3)c2)cc1,0
619,CCOC(=O)C(CC#Cc1cc(NCc2cnn(C)c2C)ccc1C(=O)N1CCC(CCC(=O)NC)CC1)(C(=O)OCC)c1ccccc1,0
620,CCOC(=O)C(CC#Cc1ccc(CC(NC(=O)c2ccccc2NC2SC(=O)N(C)C2=O)C(=O)N2CCC(C(=O)NC)C2)cc1)(C(=O)OCC)c1ccccc1,0
621,CCOC(=O)C(CC#Cc1cccc(C(C(=O)N2CCC(C(=O)NC)CC2)N2CCN(S(=O)(=O)c3ccc4c(c3)CCCN4C(C)=O)CC2)c1)(C(=O)OCC)c1ccccc1,0
622,CCOC(=O)N1CCN(Cc2c(O)ccc3nc(-c4ccc(OC)cc4OC)n([C@H](CC(=O)NC)c4cccnc4)c23)CC1,0
623,CCOC(=O)N1CCN(Cc2ccc3c(c2)nc(-c2ccc(F)cc2F)n3[C@H]2[C@@H]3CC[C@@H](C3)[C@H]2C(=O)NC)CC1,0
624,CCOC(=O)N1CCN(Cc2cccc3nc(-c4cc(OC)c(OC)cc4F)n([C@@H](CC(=O)NC)Cc4ccccc4)c23)CC1,0
625,CCOC(=O)N1CCN(Cc2cccc3nc(-c4cccc(Cl)c4F)n(CC4(C(=O)NC)CC4)c23)CC1,0
626,CCOC(=O)N1CCN(Cc2cccc3nc(-c4ccnc(Cl)c4F)n([C@H]4CC[C@H](CC(=O)NC)CC4)c23)CC1,1
627,CCOC(=O)N1CCN(Cc2cccc3nc(-c4cnc5ccccc5c4)n([C@H]4CCC[C@H]4C(=O)NC)c23)CC1,0
628,CCOC(=O)c1c(Cc2c(C)[nH]c3cc(NC(=O)Cc4c(C)nn(-c5cccc(C)c5)c4O)ccc23)[nH]c(C(=O)N2CCC(CC(=O)NC)CC2)c1C,0
629,CCOC(=O)c1c(Cc2c(C)[nH]c3ccc(CNC(=O)c4c[nH]c(=O)nc4-c4cccnc4)cc23)[nH]c(C(=O)N2CCC(CC(=O)NC)CC2)c1C,0
630,CCOC(=O)c1c(Cc2c(C3CC3)[nH]c3ccc(NCc4ccccc4OCc4ccccc4)cc23)[nH]c(C(=O)N2CCC(CC(=O)NC)CC2)c1C,0
631,CCOC(=O)c1c(Cc2c(CNC(=O)CSc3nc(=O)c4ccccc4[nH]3)[nH]c3ccc(C)cc23)[nH]c(C(=O)N2CCN(CC(=O)NC)CC2)c1C,0
632,CCOC(=O)c1c(Cc2c(CNC(=O)Nc3ccc(C(C)=O)cc3)[nH]c3ccc(C)cc23)[nH]c(C(=O)N2CCC(CC(=O)NC)CC2)c1C,0
633,CCOC(=O)c1c(Cc2c(CNCc3ccc(-c4ccc(F)c(F)c4)nc3)[nH]c3ccc(C)cc23)[nH]c(C(=O)N2CCN(CC(=O)NC)CC2)c1C,0
634,CCOC(=O)c1c(Cc2c(CNCc3cccnc3-c3ccc(OC)cc3)[nH]c3ccc(C)cc23)[nH]c(C(=O)N2CCC(CCC(=O)NC)CC2)c1C,0
635,CCOC(=O)c1c(Cc2c(NC(=O)[C@@H](NC(=O)c3ccccc3)[C@@H](C)O)[nH]c3ccc(Cl)cc23)[nH]c(C(=O)N2CCC(C(=O)NC)CC2)c1C,0
636,CCOC(=O)c1c(Cc2c(NCc3ccc(F)c(C#N)c3)[nH]c3ccc(Cl)cc23)[nH]c(C(=O)N2CCC(CCC(=O)NC)CC2)c1C,0
637,CCOC(=O)c1c(Cc2c[nH]c3c(NC(=O)C4CCN(S(=O)(=O)c5cnn(C)c5)CC4)cc(OC)cc23)[nH]c(C(=O)NC)c1C,0
638,CCOC(=O)c1c(Cc2c[nH]c3cc(C)c(NC(=O)NCCc4cccc(Cl)c4)cc23)[nH]c(C(=O)NC)c1C,0
639,CCOC(=O)c1c(Cc2c[nH]c3cc(Cl)cc(NC(=O)CC4NC(=O)NC4=O)c23)[nH]c(C(=O)N2CCC(C(=O)NC)CC2)c1C,0
640,CCOC(=O)c1c(Cc2c[nH]c3ccc(NCc4ccc(-c5ccc(F)c(F)c5)nc4)c(F)c23)[nH]c(C(=O)N2CCC(CC(=O)NC)CC2)c1C,0
641,CCOC(=O)c1c(Cc2c[nH]c3ccc(Oc4ncccc4NC(=O)Nc4ccc(OCC)cc4)cc23)[nH]c(C(=O)NC2CCC(C(=O)NC)CC2)c1C,0
642,CCOC(=O)c1cccc(-c2cccc(C3(C(=O)N4CC[C@@H](CC(=O)NC)C4)CCCC3)c2)c1,0
643,CCOC(=O)c1cccc(-c2cccc([C@H]3CN(Cc4c(OC)ccc5ccccc45)C[C@@H]3C(=O)N3CCC(CC(=O)NC)CC3)c2)c1,0
644,CCOC(=O)c1ccccc1-c1ccc(C(=O)NCc2cc(C(=O)NC)ccn2)cn1,0
645,CCOC(=O)c1ccccc1-c1ccc(CC(NC(=O)CNC(=O)c2ccc(F)cc2)C(=O)N2CCC(CC(=O)NC)C2)cc1,0
646,CCOC(OCC)c1ccc(-c2nc3cc(CN4CCc5nc[nH]c(=O)c5C4)cnc3n2[C@H]2CC[C@@H](C(=O)NC)C2)cc1,0
647,CCOC(OCC)c1ccc(-c2nc3cc(CN4CCn5c(nc(C)c5C)C4)ccc3n2[C@H](CC(=O)NC)c2cccnc2)cc1,0
648,CCOC(OCC)c1ccc(-c2nc3cc(CNCC(=O)N[C@H](C)c4ccccc4)ccc3n2[C@H]2C[C@@H](C(=O)NC)C2)cc1,0
649,CCOC(OCC)c1ccc(-c2nc3cc(CNCc4ccc(F)c(F)c4F)ccc3n2[C@H](CC(=O)NC)c2cccnc2)cc1,0
650,CCOC(OCC)c1ccc(-c2nc3ccc(O)c(CN4CCC[C@H](C(=O)N(CC)CC)C4)c3n2CC2(C(=O)NC)CC2)cc1,0
651,CCOC(OCC)c1ccc(-c2nc3cccc(CN4CCN(C(=O)OC)CC4)c3n2[C@H](CC(=O)NC)c2cccnc2)cc1,0
652,CCOC1CCC(c2nc3cc(CNCC(C)(C)c4ccncc4)cnc3n2CCCCCCC(=O)NC)CC1,0
653,CCOC1CCC(c2nc3cc(CNCCn4ccnc4)ccc3n2-c2cc3ccccc3cc2C(=O)NC)CC1,0
654,CCOC1CCC(c2nc3ccc(O)c(CN4CCC(O)(c5cccc(C)c5)CC4)c3n2[C@H](CC(=O)NC)c2cccnc2)CC1,0
655,CCOC1CCC(c2nc3ccc(O)c(CNCc4nn(C)c5ccc(C)cc45)c3n2CCCCCCC(=O)NC)CC1,0
656,CCOC1CCC(c2nc3ccc(O)c(CN[C@@H](CO)Cc4ccc(Cl)cc4)c3n2-c2c(C)cc(C(=O)NC)cc2C)CC1,0
657,CCOC1CCC(c2nc3ccc(O)c(CN[C@H](CO)Cc4ccccc4)c3n2-c2c(OC)cccc2C(=O)NC)CC1,0
658,CCOC1CCC(c2nc3cccc(CNCc4ccc(F)cc4)c3n2-c2cc(C(=O)NC)ccc2C)CC1,0
659,CCOCC(=O)N(Cc1ccncc1)c1cccc(C#Cc2ccc(C[C@H](NS(=O)(=O)c3ccccc3OC(F)(F)F)C(=O)N3CCN(CC(=O)NC)CC3)s2)c1,0
660,CCOCC(=O)N(Cc1ccncc1)c1cccc(C#Cc2cccc(C(C(=O)N3CCN(CC(=O)NC)CC3)N3CCN(C(=O)CSc4nnc(-c5ccco5)n4CC)CC3)c2)c1,0
661,CCOCC(C)(C)NCc1c(O)ccc2nc(-c3ccccc3Cl)n([C@H]3CC[C@H](C(=O)NC)CC3)c12,0
662,CCOCC(C)(C)NCc1c(O)ccc2nc(C(CC)c3ccccc3)n([C@H]3C[C@@H](C(=O)NC)C3)c12,0
663,CCOCC(C)(C)NCc1cccc2nc(CN3Cc4ccccc4C3=O)n(-c3ccc(C(=O)NC)c(OC)c3)c12,0
664,CCOCC(C)(C)NCc1cnc2c(c1)nc(CCc1nc3ccccc3o1)n2-c1cccc(C(=O)NC)c1,0
665,CCOCCNCc1c(O)ccc2nc(-c3ccc(OCc4ccccc4)c(OC)c3)n(-c3cc(OC)cc(C(=O)NC)c3)c12,0
666,CCOCCNCc1cnc2c(c1)nc(C1CCCCC1CC)n2[C@@H](CC(=O)NC)Cc1ccccc1,0
667,CCOCCc1nc2cc(CN(C)C3(COC)CC3)cnc2n1-c1ccc(C(=O)NC)cc1,0
668,CCOCCc1nc2cc(CN(C)Cc3ccc(C(C)C)cn3)ccc2n1-c1ccc(C(=O)NC)cc1C,0
669,CCOCCc1nc2cc(CN3CCC(n4c(C)nnc4C)CC3)ccc2n1C1CC2(CC(C(=O)NC)C2)C1,0
670,CCOCCc1nc2cc(CN3CC[C@@H]4[C@@H](CCC(=O)N4C4CC4)C3)cnc2n1C[C@@H]1C[C@H]1C(=O)NC,0
671,CCOCCc1nc2cc(CNCC(=O)N(CC)CC)ccc2n1CC1(C(=O)NC)CC1,0
672,CCOCCc1nc2ccc(O)c(CNCCc3cccc(Cl)c3Cl)c2n1[C@H]1C[C@@H](C(=O)NC)C1,0
673,CCOCCc1nc2ccc(O)c(CN[C@]3(c4ccccc4)CC[C@H](C)C3)c2n1[C@H]1C[C@H](C(=O)NC)C1,0
674,CCO[C@@H](C)CNCc1c(O)ccc2nc(-c3cnc4ccccc4c3)n(CCC(=O)NC)c12,0
675,CCO[C@@H](C)CNCc1c(O)ccc2nc(C(C)(C)C)n([C@H](CC(=O)NC)c3cccnc3)c12,0
676,CCO[C@@H](C)CNCc1ccc2c(c1)nc(C1CCC(OC)CC1)n2-c1ccc(OC)c(C(=O)NC)c1,0
677,CCOc1c(CNc2cc(Br)cc3[nH]cc(Cc4cccc(OC)c4OC(C)C(=O)N4CCC(C(=O)NC)C4)c23)cccc1OC,0
678,CCOc1c(CNc2cccnc2Oc2ccc3[nH]cc(Cc4ccccc4-c4ccccc4C(=O)NCCOCCOCCOCCOCCC(=O)NC)c3c2)cccc1OC,0
679,CCOc1c(F)cc(CNc2ccc(C(=O)N3CCC(CC(=O)NC)C3)c(-c3cnc(-n4ccnc4)nc3)c2)cc1F,0
680,CCOc1cc(-c2c(C)n[nH]c2C)ccc1C(=O)N[C@H](C(=O)NC)c1ccccc1,0
681,CCOc1cc(-c2ccc(OC)nc2)ccc1C(=O)N1CCC(N(C(=O)[C@H]2CC[C@H](C(=O)NC)CC2)C2CC2)CC1,0
682,CCOc1cc(-c2nc3cc(CN4CCC[C@@H]4c4ccc5c(c4)OCO5)cnc3n2-c2ccc(C)c(C(=O)NC)c2)ccc1O,0
683,CCOc1cc(-c2nc3cc(CNC[C@H]4CCCCS4(=O)=O)ccc3n2-c2c(OC)cccc2C(=O)NC)ccc1OCc1ccccc1,0
684,CCOc1cc(-c2nc3cc(CN[C@@H](C)Cn4cncn4)ccc3n2C2CC3(CC(C(=O)NC)C3)C2)ccc1OCc1ccccc1,0
685,CCOc1cc(-c2nc3ccc(O)c(CN4CCC(CC#N)CC4)c3n2[C@H]2C[C@@H](C(=O)NC)C2)ccc1OCc1ccccc1,0
686,CCOc1cc(-c2nc3ccc(O)c(CN4CC[C@@H](c5cc[nH]n5)C4)c3n2[C@H]2C[C@H](C(=O)NC)C2)ccc1OCc1ccccc1,0
687,CCOc1cc(-c2nc3ccc(O)c(CNCCOCc4ccccc4)c3n2[C@@H](CC(=O)NC)Cc2ccccc2)ccc1OCc1ccccc1,0
688,CCOc1cc(-c2nc3ccc(O)c(CN[C@@H](c4ccccc4)c4ccccn4)c3n2-c2ccc(C(=O)NC)cc2C)ccc1OCc1ccccc1,0
689,CCOc1cc(-c2nc3cccc(CN4CC[C@@]5(CCCN(C)C5=O)C4)c3n2-c2ccc(C(=O)NC)cc2)ccc1OCc1ccccc1,0
690,CCOc1cc(-c2nc3cccc(CN[C@H](CO)CC(C)C)c3n2C2CC3(CC(C(=O)NC)C3)C2)ccc1O,0
691,CCOc1cc(CCNCc2c(O)ccc3nc(-c4ccc(C(F)(F)F)cc4F)n(CCCCCCC(=O)NC)c23)ccc1OC,0
692,CCOc1cc(CCNCc2ccc3c(c2)nc(-c2cc(C(F)(F)F)ccc2Cl)n3[C@H]2CC[C@@H](CC(=O)NC)CC2)ccc1OC,0
693,CCOc1cc(CCNCc2cccc3nc(-c4cccc(C)c4O)n(C4CC5(CC(C(=O)NC)C5)C4)c23)ccc1OC,0
694,CCOc1cc(CCNCc2cccc3nc(-c4cncc5ccccc45)n(-c4cc5ccccc5cc4C(=O)NC)c23)ccc1OC,0
695,CCOc1cc(CCNCc2cnc3c(c2)nc(C(CC(C)C)OC)n3-c2ccc(C(=O)NC)cc2OC)ccc1OC,0
696,CCOc1cc(CCNCc2cnc3c(c2)nc(Cc2ccc(F)c(C)c2)n3-c2ccc(C)c(C(=O)NC)c2)ccc1OC,0
697,CCOc1cc(CN(C)Cc2cccc(C(=O)NC)c2)ccc1OCC(=O)NCCc1ccc(Cl)cc1Cl,0
698,CCOc1cc(CN(C)[C@@H]2CCN(Cc3cccc(CC(=O)NC)c3)C2)cc(Cl)c1OCC(=O)NCCO,0
699,CCOc1cc(CN(C)[C@@H]2CCN(Cc3cccc(OCC(=O)NC)c3)C2)cc(Cl)c1OCC(=O)NCc1cnn(-c2cccc(F)c2)c1,0
700,CCOc1cc(CN2C(C(=O)NC)CSC2c2ccc(F)cc2)cc(Cl)c1OCC(=O)N(CCOC(C)C)CCOC(C)C,0
701,CCOc1cc(CN2C3CCC2[C@@H](C(=O)NC)C3)ccc1OC(C)C(=O)N(CC)Cc1noc(C2CC2)n1,0
702,CCOc1cc(CN2CC(CC(=O)NC)C2)ccc1OCC(=O)N1CCC(C)(C)CC1,0
703,CCOc1cc(CN2CC(c3ccc(C(=O)NC)cc3)C2)cc(Cl)c1OC(C)C(=O)N1CCC[C@@H]1Cc1ccccn1,0
704,CCOc1cc(CN2CC(c3noc(-c4ccc(C(=O)NC)cc4)n3)C2)c(Cl)cc1OCC(=O)N1CCC(Oc2cccc(F)c2)CC1,0
705,CCOc1cc(CN2CCC(CC(=O)NC)CC2)c(Cl)cc1OCC(=O)NCc1cc(O)ncn1,0
706,CCOc1cc(CN2CCC(O)(CC(=O)NC)CC2)c(Cl)cc1OCC(=O)NCCCO,0
707,CCOc1cc(CN2CCC(Oc3cccc(C(=O)NC)c3)C2)ccc1OC(C)C(=O)NCCCn1ccnc1,0
708,CCOc1cc(CN2CCC(c3ccc(C(=O)NC)cc3)CC2)ccc1OC(C)C(=O)NCCOC1CCC1,0
709,CCOc1cc(CN2CCC(c3nc(CC(=O)NC)c(C)s3)CC2)c(Cl)cc1OCC(=O)NCc1ncn2ccccc12,0
710,CCOc1cc(CN2CCCN(Cc3cccc(CC(=O)NC)c3)CC2)ccc1OCC(=O)NCCCN1CCS(=O)(=O)CC1,0
711,CCOc1cc(CN2CCCO[C@H](C(=O)NC)C2)ccc1OC(C)C(=O)Nc1ccc(N2CCN(CC)CC2)cc1,0
712,CCOc1cc(CN2CCC[C@@H](C(=O)NC)C2)cc(Cl)c1OC(C)C(=O)N[C@@H](C)c1nncn1C,0
713,CCOc1cc(CN2CCC[C@H](C(=O)NC)C2)ccc1OC(C)C(=O)NCCCN1CCN(C)CC1,0
714,CCOc1cc(CN2CCN(Cc3cccc(OCC(=O)NC)c3)C[C@@H]2C(C)C)c(Cl)cc1OCC(=O)N1CCc2ccccc2[C@H]1C1CCC1,0
715,CCOc1cc(CN2CCN(Cc3cccc(OCC(=O)NC)c3)C[C@@H]2C(C)C)ccc1OCC(=O)NCC(=O)N(C)Cc1ccccc1,0
716,CCOc1cc(CN2CCN(Cc3cccc(OCC(=O)NC)c3)[C@H](C)C2)c(Cl)cc1OCC(=O)N1CCCC(C)(C)C1,0
717,CCOc1cc(CN2CCOCC2C(=O)NC)ccc1OCC(=O)NCC(CC)CC,0
718,CCOc1cc(CN2CCOC[C@@H]2CC(=O)NC)cc(Cl)c1OC(C)C(=O)NCc1ccc(N(C)C)cc1,0
719,CCOc1cc(CN2CC[C@H](C(=O)NC)C2)cc(Cl)c1OC(C)C(=O)N[C@@H](C)CN1CCOC1=O,0
720,CCOc1cc(CN2CCc3sc(C(=O)NC)cc3C2)c(Cl)cc1OCC(=O)N[C@H]1CCCOC1,0
721,CCOc1cc(CN2CCc3sc(C(=O)NC)cc3C2)cc(Cl)c1OC(C)C(=O)N1CC[C@@H](c2cc[nH]n2)C1,0
722,CCOc1cc(CN2C[C@@H](Oc3ccccc3)C[C@H]2C(=O)NC)ccc1OCC(=O)NCc1c(C)nn(-c2ccc(F)cc2)c1C,0
723,CCOc1cc(CN2C[C@H](C(=O)NC)[C@@H](c3ccc(OC)c(OC)c3)C2)ccc1OC(C)C(=O)N(C)Cc1cccc(F)c1F,0
724,CCOc1cc(CN2[C@@H]3CC[C@H]2CN(Cc2cccc(C(=O)NC)c2)CC3)ccc1OCC(=O)N(C)Cc1cccc(C)c1C,0
725,CCOc1cc(CNCc2[nH]c3ccc(C)cc3c2Cc2ccc(-c3cccc(C(=O)Nc4ccc(CCC(=O)NC)cc4)c3)cc2)ccc1O,0
726,CCOc1cc(Cc2c(-c3cccc(NC(=O)CSc4ccc(C)cc4C)c3)[nH]c3ccccc23)ccc1OCC(=O)N1CCC(CCC(=O)NC)CC1,0
727,CCOc1cc(Cc2c(C(Cc3ccccc3)NCc3ccc(N(C)C)cc3)[nH]c3ccccc23)ccc1OC(C)C(=O)N1CCC(C(=O)NC)CC1,0
728,CCOc1cc(Cc2c(C)[nH]c3cc(NCc4ccc(OC)c(OC)c4)ccc23)ccc1OC(C)C(=O)NC,0
729,CCOc1cc(Cc2c(C)[nH]c3cc(NS(=O)(=O)c4ccc5c(c4)N(C)C(=O)CO5)ccc23)ccc1OC(C)C(=O)N1CCC(C(=O)NC)C1,0
730,CCOc1cc(Cc2c(C)[nH]c3ccc(NC(=O)Nc4cc(C(F)(F)F)ccc4Cl)cc23)ccc1OC(C)C(=O)NCCC(=O)NC,0
731,CCOc1cc(Cc2c(C)[nH]c3cccc(NCc4cccc(CN(C)C)c4)c23)ccc1OCC(=O)NC,0
732,CCOc1cc(Cc2c(C3CC3)[nH]c3ccc(NC(=O)C(C)Sc4nc(=O)cc(C)[nH]4)cc23)ccc1OC(C)C(=O)NC1CCC(C(=O)NC)CC1,0
733,CCOc1cc(Cc2c(CNCCCCc3ccccc3)[nH]c3c(C)c(Cl)ccc23)ccc1OCC(=O)N1CCC(C(=O)NC)C1,0
734,CCOc1cc(Cc2c(CNS(=O)(=O)c3ccc(Cl)cc3)[nH]c3ccccc23)ccc1OCC(=O)N1CCC(CC(=O)NC)CC1,0
735,CCOc1cc(Cc2c(CNS(=O)(=O)c3cccc4nn(C)nc34)[nH]c3ccc(OC)cc23)ccc1OC(C)C(=O)NC1CCC(C(=O)NC)CC1,0
736,CCOc1cc(Cc2c[nH]c3c(-c4cccc(NCc5ccc(-n6cccc6)cc5)c4)cccc23)ccc1OC(C)C(=O)NC1CCC(C(=O)NC)CC1,0
737,CCOc1cc(Cc2c[nH]c3c(C(C)NC(=O)CN4CCN(C(N)=O)CC4)cccc23)ccc1OCC(=O)NC1CCC(C(=O)NC)CC1,0
738,CCOc1cc(Cc2c[nH]c3c(C(C)NC(=O)c4noc(C)c4Cn4nc(C)cc4C)cccc23)ccc1OCC(=O)N1CCC(CCC(=O)NC)CC1,0
739,CCOc1cc(Cc2c[nH]c3c(C(CC)NCCCn4nc(C)cc4C)cccc23)ccc1OCC(=O)NCCC(=O)NC,0
740,CCOc1cc(Cc2c[nH]c3cc(C)c(CNCc4cccc5c4OCO5)cc23)ccc1OC(C)C(=O)N1CCC(C(=O)NC)C1,0
741,CCOc1cc(Cc2c[nH]c3cc(C)c(NCc4nc(C)c(C)[nH]4)cc23)ccc1OCC(=O)N1CCC(CCC(=O)NC)CC1,0
742,CCOc1cc(Cc2c[nH]c3cc(C)c(NCc4oc5ccccc5c4C)cc23)ccc1OCC(=O)N1CCC(CC(=O)NC)C1,0
743,CCOc1cc(Cc2c[nH]c3cc(Cl)cc(NCc4ccc(C#N)c(F)c4)c23)ccc1OC(C)C(=O)N1CCC(CC(=O)NC)C1,0
744,CCOc1cc(Cc2c[nH]c3ccc(NC(=O)CSc4nnc(C)s4)cc23)ccc1OC(C)C(=O)NCCC(=O)NC,0
745,CCOc1cc(Cc2c[nH]c3ccc(NCc4cc(C)cc(F)c4)c(F)c23)ccc1OCC(=O)NC,0
746,CCOc1cc(Cc2c[nH]c3ccc(NCc4ccc(OC)c(C)c4OC)c(C)c23)ccc1OC(C)C(=O)N1CCC(C(=O)NC)C1,0
747,CCOc1cc(Cc2c[nH]c3cccc(CCNC(=O)Cc4csc(NC(=O)c5ccco5)n4)c23)ccc1OCC(=O)NCCOCCOCCOCCOCCC(=O)NC,0
748,CCOc1cc(Cc2c[nH]c3cccc(CCNC(=O)Cc4csc(NS(C)(=O)=O)n4)c23)ccc1OCC(=O)NCCC(=O)NC,0
749,CCOc1cc(Cc2c[nH]c3cccc(CNC(=O)C4Cc5c(ccc6ccccc56)O4)c23)ccc1OCC(=O)N1CCC(C(=O)NC)C1,0
750,CCOc1cc(Cl)ccc1-c1ccc(OCC2(C(=O)N3CC4=C(C3)CN(C(=O)[C@H]3CC[C@H](C(=O)NC)CC3)C4)COC2)cc1,0
751,CCOc1cc(F)ccc1-c1ccc2nc(CN3[C@H](C)CN(Cc4ccc(CC(=O)NC)cc4)C[C@@H]3C)cn2c1,0
752,CCOc1cc(F)ccc1-c1cccc([C@H]2CN(C(=O)Nc3cccc(OC)c3)C[C@@H]2C(=O)N2CCN(CC(=O)NC)CC2)c1,0
753,CCOc1cc(F)ccc1CNCc1[nH]c2ccc(C)cc2c1Cc1ccc(OCCC(=O)N2CCC(CCC(=O)NC)CC2)cc1,0
754,CCOc1cc(F)ccc1CNc1ccc2[nH]c(C)c(Cc3ccc(-c4ccccc4C(=O)N4CCC(CCC(=O)NC)CC4)cc3)c2c1,0
755,CCOc1cc(F)ccc1CNc1cccc(-c2[nH]c3ccccc3c2Cc2ccc(OCc3ccc(C(=O)N4CCC(CC(=O)NC)CC4)cc3)cc2)c1,0
756,CCOc1ccc(-c2ccc(CC(NC(=O)c3cc(C)nc(O)n3)C(=O)NC3CCC(C(=O)NC)CC3)cc2)cc1,1
757,CCOc1ccc(-c2ccc(C[C@H](NC(=O)CN3C(=O)CCOc4ccccc43)C(=O)NC)s2)cc1,0
758,CCOc1ccc(-c2ccc(N3CCN(C(=O)CCOCCOCCC(=O)NC)CC3)c(NCc3c(F)ccc(F)c3F)c2)cc1F,0
759,CCOc1ccc(-c2cn(CC(=O)N3CCN(C(=O)OC(C)(C)C)[C@H](C)[C@H]3CC(=O)NC)nc2C2CC2)cc1F,0
760,CCOc1ccc(-c2nc3cc(CN(C)Cc4cccc(Cl)c4)ccc3n2-c2ccc(C(=O)NC)cc2C)cc1OC,0
761,CCOc1ccc(-c2nc3cc(CNCC(=O)NC)cnc3n2[C@@H]2C[C@H]2C(=O)NC)cc1OC,0
762,CCOc1ccc(-c2nc3cc(CNCCC4CCOCC4)ccc3n2[C@H](CC(=O)NC)C2CC2)cc1OC,0
763,CCOc1ccc(-c2nc3cc(CNCCc4cccc(Cl)c4Cl)cnc3n2[C@H](CC(=O)NC)c2ccc(OC)cc2)cc1,0
764,CCOc1ccc(-c2nc3ccc(O)c(CN(Cc4ccccc4)C4CCCCC4)c3n2[C@H]2CC[C@@H](C(=O)NC)CC2)cc1OC,0
765,CCOc1ccc(-c2nc3ccc(O)c(CNCC4CCC4)c3n2-c2cc3ccccc3cc2C(=O)NC)cc1,0
766,CCOc1ccc(-c2nc3ccc(O)c(CNCc4cc(-c5ccc(F)cc5)no4)c3n2[C@H]2CC[C@@H](C(=O)NC)CC2)cc1OC,0
767,CCOc1ccc(-c2nc3cccc(CNCc4cnn(Cc5ccccc5)c4)c3n2C[C@@H]2C[C@H]2C(=O)NC)cc1,0
768,CCOc1ccc(-c2nc3cccc(CN[C@@H](C)CC#N)c3n2[C@H]2CC[C@H](C(=O)NC)CC2)cc1,0
769,CCOc1ccc(-c2nc3cccc(CN[C@@H]4CCc5ncnn5C4)c3n2CCC(=O)NC)cc1OC,0
770,CCOc1ccc(CCNC(=O)C2(CN3CCC(O)(CC(=O)NC)CC3)CC2)cc1OC,0
771,CCOc1ccc(CCNCc2c(O)ccc3nc(-c4ccc(C)cc4C)n(Cc4ccccc4C(=O)NC)c23)cc1OC,0
772,CCOc1ccc(CCNCc2ccc(Nc3ccc(C(=O)NC)cc3C)c([N+](=O)[O-])c2)cc1OC,0
773,CCOc1ccc(CCNCc2ccc3c(c2)nc(-c2cc(C)c(O)c(C)c2)n3[C@H](CC(=O)NC)Cc2ccccc2)cc1OC,0
774,CCOc1ccc(CCNCc2ccc3c(c2)nc(C(C)C2CCCC2)n3[C@H]2CC[C@H](C(=O)NC)C2)cc1OC,0
775,CCOc1ccc(CCNCc2ccc3c(c2)nc([C@@]24CCC[C@]2(OC)OCC4)n3-c2ccc(C(=O)NC)cc2)cc1OC,0
776,CCOc1ccc(CCNCc2cnc3c(c2)nc(-c2cccc(-c4ccccn4)c2)n3-c2ccc(C)c(C(=O)NC)c2)cc1OC,0
777,CCOc1ccc(CNc2ccc3[nH]c(C)c(Cc4cn(CCCC(=O)N5CCC(CCC(=O)NC)CC5)c5c(CC)cccc45)c3c2F)cn1,0
778,CCOc1ccc(OC)cc1CNc1ccc(C(=O)N2CCC(C(=O)NC)C2)c(-c2ccc(-c3ccccn3)cc2)c1,0
779,CCOc1ccc(OCC(=O)N(C)Cc2c(C)nc3ccccn23)c(CN2C(C(=O)NC)CSC2c2ccc(F)cc2)c1,0
780,CCOc1ccc(OCC(=O)N2CCC(C(=O)NC)C2)c(Cc2c(C(C)NS(=O)(=O)c3cccc(C)c3)[nH]c3ccc(Br)cc23)c1,0
781,CCOc1ccc(OCC(=O)N2CCC(C(=O)NC)C2)c(Cc2c(NC(=O)Nc3ccccc3C)[nH]c3ccc(Cl)cc23)c1,0
782,CCOc1ccc(OCC(=O)N2CCC(C(=O)NC)CC2)c(Cc2c(CNCc3cccc(-n4ccnc4)c3)[nH]c3ccccc23)c1,0
783,CCOc1ccc(OCC(=O)N2CCC(C(=O)NC)CC2)c(Cc2c[nH]c3c(CNCc4ccc(Cl)cc4F)cccc23)c1,0
784,CCOc1ccc(OCC(=O)N2CCC(CC(=O)NC)C2)c(Cc2c(C)[nH]c3cc(NC(=O)Cc4nc(-c5cccs5)oc4C)ccc23)c1,0
785,CCOc1ccc(OCC(=O)N2CCC(CC(=O)NC)CC2)c(Cc2c[nH]c3ccc(NCc4cc(C)on4)cc23)c1,0
786,CCOc1ccc(OCC(=O)N2CCC(CCC(=O)NC)CC2)c(Cc2c(-c3ccccc3)[nH]c3ccc(NCc4cccnc4-c4ccsc4)cc23)c1,0
787,CCOc1ccc(OCC(=O)N2CCC(F)(F)CC2)c(CN2CCN(Cc3cccc(OCC(=O)NC)c3)C[C@H]2C(C)C)c1,0
788,CCOc1ccc(OCC(=O)N2CCN(CC(=O)NC)CC2)c(Cc2c(-c3ccc(NC(=O)c4nc5cc(Cl)ccc5n4C)cc3)[nH]c3ccccc23)c1,0
789,CCOc1ccc(OCC(=O)N2CCN(CC(=O)NC)CC2)c(Cc2c(C(Cc3ccccc3)NC(=O)Cc3csc(NC(=O)c4ccc(Cl)cc4)n3)[nH]c3ccccc23)c1,0
790,CCOc1ccc(OCC(=O)NC)c(Cc2c(-c3ccccc3)[nH]c3ccc(NC(=O)NC4CCCCCC4)cc23)c1,0
791,CCOc1ccc(OCC(=O)NC)c(Cc2c[nH]c3cc(Br)cc(NC(=O)Nc4cc(C)ccc4C)c23)c1,0
792,CCOc1ccc(OCC(=O)NC2CCC(C(=O)NC)CC2)c(Cc2c[nH]c3c(NC(=O)CSc4nc5cc(OC)ccc5[nH]4)cc(OC)cc23)c1,0
793,CCOc1ccc(OCC(=O)NCC2CCC(c3ccccc3)CC2)c(CN2CCC[C@@H](Cc3noc(C4(C(=O)NC)CC4)n3)C2)c1,0
794,CCOc1ccc(OCC(=O)NCCC(=O)NC)c(Cc2c[nH]c3cccc(CNC(=O)COc4cccc(N(C)C)c4)c23)c1,0
795,CCOc1ccc(OCC(=O)NCCOCCOCCOCCOCCC(=O)NC)c(Cc2c[nH]c3c(CNC(=O)c4ccccc4CSc4nnc[nH]4)cccc23)c1,0
796,CCOc1ccc(OCC(=O)NCCOc2ccc(C)cc2)c(CN2CCSC(C(=O)NC)C2)c1,0
797,CCOc1ccc(OCC(=O)NCCc2ccc(OCC)c(OC)c2)c(CN2CCN(Cc3ccc(C(=O)NC)cc3)CC2)c1,0
798,CCOc1ccc(OCC(=O)N[C@H](Cn2cccn2)c2ccccc2)c(CN2C[C@@H]3C[C@H]2CN3Cc2cccc(CC(=O)NC)c2)c1,0
799,CCOc1ccc2ccccc2c1-c1nc2cc(CN(C)C3(COC)CC3)ccc2n1-c1cc(OC)cc(C(=O)NC)c1,0
800,CCOc1ccc2ccccc2c1-c1nc2cc(CN(C)[C@H](c3ccccc3)C(C)C)cnc2n1-c1ccc(C(=O)NC)c(C)c1,0
801,CCOc1ccc2ccccc2c1-c1nc2cc(CN(Cc3ccccc3)C3CC3)cnc2n1[C@H]1[C@@H]2CC[C@@H](C2)[C@H]1C(=O)NC,0
802,CCOc1ccc2ccccc2c1-c1nc2cc(CN3CCC[C@H](NC(C)=O)C3)cnc2n1[C@H]1CC[C@H](CC(=O)NC)CC1,0
803,CCOc1ccc2ccccc2c1-c1nc2cc(CN3C[C@@H]4C5CCC(CC5)[C@@H]4C3)cnc2n1[C@H]1CCC[C@@H](C(=O)NC)C1,0
804,CCOc1ccc2ccccc2c1-c1nc2cc(CNCC(=O)NCCOC)cnc2n1-c1ccc(OC)c(C(=O)NC)c1,0
805,CCOc1ccc2ccccc2c1-c1nc2cc(CNCc3ccc(-c4nnco4)cc3)ccc2n1[C@H]1CCC[C@@H](C(=O)NC)C1,0
806,CCOc1ccc2ccccc2c1-c1nc2cc(CN[C@H]3CC(=O)N(C)C3)ccc2n1CC1(C(=O)NC)CC1,0
807,CCOc1cccc(-c2nc3cc(CN(C)Cc4cc(OC)cc(OC)c4)cnc3n2[C@H](CC(=O)NC)c2ccc(OC)cc2)c1O,0
808,CCOc1cccc(-c2nc3cc(CN(C)Cc4cccc(C(F)(F)F)c4)cnc3n2-c2ccc(C(=O)NC)cc2C)c1,0
809,CCOc1cccc(-c2nc3cc(CN4CCNC(=O)[C@H]4Cc4ccccc4)ccc3n2-c2ccc(C(=O)NC)cc2C)c1O,0
810,CCOc1cccc(-c2nc3cc(CN4CC[C@H](C(C)(C)O)C4)cnc3n2[C@H]2c3ccccc3C[C@H]2C(=O)NC)c1O,0
811,CCOc1cccc(-c2nc3cc(CNCCN4CCCS4(=O)=O)ccc3n2-c2ccc(C(=O)NC)cc2OC)c1O,0
812,CCOc1cccc(-c2nc3cc(CNCCc4ccc(CC)cc4)ccc3n2-c2c(C)cc(C(=O)NC)cc2C)c1O,0
813,CCOc1cccc(-c2nc3cc(CNCc4c(C)cc(Cl)cc4Cl)cnc3n2CCCCCCC(=O)NC)c1O,0
814,CCOc1cccc(-c2nc3ccc(O)c(CN(C)Cc4ccc(C(F)(F)F)cn4)c3n2-c2ccc(C(=O)NC)cc2C)c1,0
815,CCOc1cccc(-c2nc3ccc(O)c(CNCc4ccc(-n5ccnc5)cc4)c3n2[C@H]2c3ccccc3C[C@H]2C(=O)NC)c1,0
816,CCOc1cccc(-c2nc3ccc(O)c(CNCc4ccccn4)c3n2[C@H](CC(=O)NC)c2ccc(OC)cc2)c1O,0
817,CCOc1cccc(-c2nc3cccc(CN(C)[C@H](C)c4ccncn4)c3n2-c2c(OC)cccc2C(=O)NC)c1O,0
818,CCOc1cccc(-c2nc3cccc(CN(Cc4ccccn4)C4CCCCC4)c3n2-c2cc(OC)cc(C(=O)NC)c2)c1,0
819,CCOc1cccc(-c2nc3cccc(CN4CCn5c(C)nnc5C4)c3n2[C@@H]2CC[C@H](C(=O)NC)C2)c1O,0
820,CCOc1cccc(-c2nc3cccc(CNCC(=O)Nc4cccnc4)c3n2-c2ccc(C(=O)NC)cc2)c1O,0
821,CCOc1cccc(-c2nc3cccc(CNCCN4CCN(C)CC4)c3n2[C@H](CC(=O)NC)C(F)(F)F)c1,0
822,CCOc1cccc(-c2nc3cccc(CNC[C@@H](O)c4ccccc4)c3n2CC2(C(=O)NC)CC2)c1,0
823,CCOc1cccc(-c2nc3cccc(CNC[C@H]4CCCN4CC)c3n2[C@H](CC(=O)NC)c2ccc(OC)cc2)c1O,0
824,CCOc1cccc(-c2nc3cccc(CNCc4ccccn4)c3n2-c2cc3ccccc3cc2C(=O)NC)c1O,0
825,CCOc1cccc(CCNCc2c(O)ccc3nc(-c4cccc5cnccc45)n(C4CC5(CC(C(=O)NC)C5)C4)c23)c1,0
826,CCOc1cccc(CCNCc2c(O)ccc3nc(-c4ccccc4-n4cncn4)n([C@@H]4CC[C@@H](C(=O)NC)C4)c23)c1,0
827,CCOc1cccc(CCNCc2ccc(N[C@H]3C[C@@H](C(=O)NC)C3)c([N+](=O)[O-])c2)c1,0
828,CCOc1cccc(CCNCc2ccc3c(c2)nc(Cc2ccc(F)cc2F)n3[C@H](CC(=O)NC)c2cccnc2)c1,0
829,CCOc1cccc(CCNCc2ccc3c(c2)nc([C@@H]2CCO[C@H]2c2nccn2CC)n3CC2(C(=O)NC)CC2)c1,0
830,CCOc1cccc(CCNCc2cnc3c(c2)nc(-c2cccc(Oc4ccc(Cl)cc4)c2)n3[C@H]2CC[C@@H](C(=O)NC)CC2)c1,0
831,CCOc1cccc(CCNCc2cnc3c(c2)nc(C2=CCCOC2)n3[C@H]2CC[C@H](CC(=O)NC)CC2)c1,0
832,CCOc1cccc(CN(C)Cc2c(O)ccc3nc(-c4cc(C(F)(F)F)cc(C(F)(F)F)c4)n(-c4c(C)cc(C(=O)NC)cc4C)c23)c1,0
833,CCOc1cccc(CN(C)Cc2cccc3nc(C4=CCSC4(C)C)n(-c4c(C)cc(C(=O)NC)cc4C)c23)c1,0
834,CCOc1cccc(CN(C)Cc2cccc3nc(C4CCN(Cc5ccccc5)CC4)n([C@H]4c5ccccc5C[C@H]4C(=O)NC)c23)c1,0
835,CCOc1cccc(CN(C)Cc2cnc3c(c2)nc(-c2ccc(O)cc2Cl)n3[C@H](CC(=O)NC)c2ccc(OC)cc2)c1,0
836,CCOc1cccc(CN(C)Cc2cnc3c(c2)nc(-c2ccn(C)c(=O)c2)n3[C@H](CC(=O)NC)Cc2ccccc2)c1,0
837,CCOc1cccc(CN2C3CCC2[C@@H](C(=O)NC)C3)c1OCC(=O)N(C)CCOc1cccc(Cl)c1,0
838,CCOc1cccc(CN2CCC(c3noc([C@H]4CC[C@H](C(=O)NC)CC4)n3)CC2)c1OCC(=O)NCc1cn2cccnc2n1,0
839,CCOc1cccc(CN2C[C@@H]3C[C@H]2CN3Cc2cccc(OCC(=O)NC)c2)c1OCC(=O)NCCN1CCN(C)CC1,0
840,CCOc1cccc(CN2[C@@H]3CC[C@H]2CN(Cc2ccc(CC(=O)NC)cc2)CC3)c1OCC(=O)NCC1(O)CCN(Cc2ccccc2)CC1,0
841,CCOc1cccc(CNC(Cc2ccc(-c3cc(OC)cc(OC)c3)cc2)C(=O)N2CCN(CC(=O)NC)CC2)c1,0
842,CCOc1cccc(CNCc2c(O)ccc3nc(-c4c(C)noc4C)n(-c4cc(OC)cc(C(=O)NC)c4)c23)c1,0
843,CCOc1cccc(CNCc2c(O)ccc3nc(-c4ccc(OC)cc4F)n(-c4cc5ccccc5cc4C(=O)NC)c23)c1,0
844,CCOc1cccc(CNCc2ccc3c(c2)nc(-c2ccc4[nH]ncc4c2)n3[C@H]2CC[C@@H](C(=O)NC)C2)c1,0
845,CCOc1cccc(CNCc2ccc3c(c2)nc(Cc2ccc(NC(C)=O)cc2)n3-c2cccc(C(=O)NC)c2)c1,0
846,CCOc1cccc(CNCc2cccc3nc(-c4cn(-c5ccccc5)nc4-c4ccccc4)n([C@H]4CC[C@H](C(=O)NC)CC4)c23)c1,0
847,CCOc1cccc(CNCc2cccc3nc(C4CCCC(c5ccccc5)C4)n([C@@H]4CC[C@@H](C(=O)NC)C4)c23)c1,0
848,CCOc1cccc(Cc2c(C(C)NCc3cccn3-c3cc(C)ccn3)[nH]c3ccccc23)c1OCC(=O)NC,0
849,CCOc1cccc(Cc2c(C)[nH]c3cccc(NS(=O)(=O)c4ccc(OC)c(F)c4)c23)c1OCC(=O)N1CCC(CCC(=O)NC)CC1,0
850,CCOc1cccc(Cc2c(C3CC3)[nH]c3ccc(NC(=O)Nc4cccc(C(F)(F)F)c4)cc23)c1OCC(=O)NC,0
851,CCOc1cccc(Cc2c(CNC(=O)CN(Cc3ccco3)S(=O)(=O)c3ccccc3)[nH]c3ccc(Cl)cc23)c1OCC(=O)N1CCC(CC(=O)NC)CC1,0
852,CCOc1cccc(Cc2c(CNC(=O)c3cc4ccc(C(F)(F)F)nc4[nH]3)[nH]c3ccccc23)c1OCC(=O)NC,0
853,CCOc1cccc(Cc2c(CNCc3ccc(F)cn3)[nH]c3ccccc23)c1OCC(=O)NC,0
854,CCOc1cccc(Cc2c(CNS(=O)(=O)c3ccc(F)c(C#N)c3)[nH]c3ccccc23)c1OCC(=O)NCCOCCOCCOCCOCCC(=O)NC,0
855,CCOc1cccc(Cc2c[nH]c3c(C(C)NC(=O)NC4COc5ccccc5C4)cccc23)c1OCC(=O)NCCC(=O)NC,0
856,CCOc1cccc(Cc2c[nH]c3c(C(CC)NCc4cnco4)cccc23)c1OCC(=O)NC1CCC(C(=O)NC)CC1,0
857,CCOc1cccc(Cc2c[nH]c3c(CNC(=O)c4nonc4C)cccc23)c1OCC(=O)N1CCC(C(=O)NC)C1,0
858,CCOc1cccc(Cc2c[nH]c3c(NC(=O)Cc4cnc(N)[nH]c4=O)cc(OC)cc23)c1OCC(=O)N1CCC(C(=O)NC)CC1,0
859,CCOc1cccc(Cc2c[nH]c3c(NC(=O)Cn4cc(C)c(=O)[nH]c4=O)cccc23)c1OCC(=O)NC,0
860,CCOc1cccc(Cc2c[nH]c3cc(Br)cc(NCc4cnc(N(C)C)s4)c23)c1OCC(=O)N1CCC(C(=O)NC)CC1,0
861,CCOc1cccc(Cc2c[nH]c3cc(Cl)cc(NCc4ccc5snnc5c4)c23)c1OCC(=O)NC,0
862,CCOc1cccc(Cc2c[nH]c3ccc(CNC(=O)CNC(=O)c4nonc4C)cc23)c1OCC(=O)NCCOCCOCCOCCOCCC(=O)NC,0
863,CCOc1cccc(Cc2c[nH]c3ccc(NC(=O)c4ccc5c(c4)C(=O)N(C)C5=O)c(F)c23)c1OCC(=O)N1CCC(CC(=O)NC)CC1,0
864,CCOc1cccc(Cc2c[nH]c3ccc(Oc4ncccc4NC(=O)C(C)Sc4nc5ccccc5[nH]4)cc23)c1OCC(=O)NC1CCC(C(=O)NC)CC1,0
865,CCOc1cccc(Cc2c[nH]c3cccc(CNC[C@H](O)[C@@H](O)[C@H](O)CO)c23)c1OCC(=O)NC1CCC(C(=O)NC)CC1,0
866,CCOc1cccc(Cc2c[nH]c3cccc(CNS(=O)(=O)c4ccc(OC)cc4)c23)c1OCC(=O)N1CCC(CC(=O)NC)CC1,0
867,CCOc1ccccc1-c1nc2cc(CNC3CC4CCC(C3)N4C)ccc2n1[C@H]1C[C@@H](C(=O)NC)C1,0
868,CCOc1ccccc1-c1nc2cc(CNCCCn3ccnc3C)ccc2n1[C@H](CC(=O)NC)c1cccnc1,0
869,CCOc1ccccc1-c1nc2cc(CN[C@@H](C)C(=O)Nc3ccc(Cl)cc3)cnc2n1-c1ccc(C(=O)NC)cc1C,0
870,CCOc1ccccc1-c1nc2cc(CN[C@@H](c3ccccc3)c3nc(C)no3)ccc2n1[C@H]1C[C@H](C(=O)NC)C1,0
871,CCOc1ccccc1-c1nc2cc(CN[C@H](c3nccn3C)C3CC3)cnc2n1CCCCCCC(=O)NC,0
872,CCOc1ccccc1-c1nc2ccc(O)c(CNCCCCc3ccccn3)c2n1-c1cccc(C(=O)NC)c1,0
873,CCOc1ccccc1-c1nc2ccc(O)c(CNCc3c[nH]nc3C)c2n1[C@H]1[C@@H]2CC[C@@H](C2)[C@H]1C(=O)NC,0
874,CCOc1ccccc1CCNCc1ccc2c(c1)nc(C1(C)Cc3ccccc3C1)n2-c1ccc(C)c(C(=O)NC)c1,0
875,CCOc1ccccc1CCNCc1cccc2nc(-c3c[nH]nc3-c3ccccc3)n([C@H]3CCC[C@@H](C(=O)NC)C3)c12,0
876,CCOc1ccccc1CN(C)Cc1ccc2c(c1)nc(C(C)(C)N1CCCC1)n2-c1c(OC)cccc1C(=O)NC,0
877,CCOc1ccccc1CN(C)Cc1cccc2nc(CCC(C)(C)C)n([C@H]3CC[C@H](C(=O)NC)C3)c12,0
878,CCOc1ccsc1C(=O)Nc1[nH]c2ccc(Cl)cc2c1Cc1cc(C(F)(F)F)ccc1N(C)CC(=O)N1CCC(C(=O)NC)C1,0
879,CCOc1ncccc1-c1cccc(C(C(=O)N2CCC(CC(=O)NC)CC2)N2CCN(C(=O)c3ccc(-c4ccsc4)s3)CC2)c1,0
880,CCS(=O)(=O)N1CCC(C(=O)NCc2[nH]c3ccccc3c2Cc2cn(C(C)C(=O)NC3CCC(C(=O)NC)CC3)c3ccccc23)C1,0
881,CCS(=O)(=O)Nc1cccc(-c2cccc([C@H]3CN(C(=O)c4cc(=O)n(C)c(=O)n4C)C[C@@H]3C(=O)NC)c2)c1,0
882,CCSc1cc(C(=O)N[C@@H](Cc2ccc(C#Cc3ccc(C)cn3)s2)C(=O)N2CCC(CCC(=O)NC)CC2)c(NC(C)=O)s1,0
883,CCSc1cc(C(=O)Nc2ccc3[nH]cc(Cc4ccc(OCC(=O)N5CCC(CC(=O)NC)CC5)cc4OC)c3c2)c(NC(C)=O)s1,0
884,CC[C@@H](C)NCc1c(O)ccc2nc(-c3ccc(-n4cccn4)cc3)n(CC3(C(=O)NC)CC3)c12,0
885,CC[C@@H](C)NCc1c(O)ccc2nc(-c3ccnn3CC)n([C@H](CC(=O)NC)C(F)(F)F)c12,0
886,CC[C@@H](C)NCc1cccc2nc(-c3ccnc(Cl)c3F)n([C@H]3CC[C@H](CC(=O)NC)CC3)c12,1
887,CC[C@@H](C)NCc1cccc2nc(CC(C)c3ccccc3)n(-c3ccc(OC)c(C(=O)NC)c3)c12,0
888,CC[C@@H](C)NCc1cnc2c(c1)nc(-c1cc(C)[nH]n1)n2CC1(C(=O)NC)CC1,0
889,CC[C@@H](C)NCc1cnc2c(c1)nc(Cc1ccc(C)c(C)c1)n2-c1ccc(C)c(C(=O)NC)c1,0
890,CC[C@@H](CNCc1c(O)ccc2nc(-c3cnn(-c4ccccc4)c3)n(-c3cc(OC)cc(C(=O)NC)c3)c12)c1ccccc1,0
891,CC[C@@H](CNCc1ccc2c(c1)nc(CCC1CCCCC1)n2[C@@H]1C[C@H]1C(=O)NC)c1ccccc1,0
892,CC[C@@H](CNCc1cnc2c(c1)nc(C1(C(C)(C)C)CCN(Cc3ccccc3)C1)n2[C@H]1[C@@H]2CC[C@@H](C2)[C@H]1C(=O)NC)c1ccccc1,0
893,CC[C@@H](CO)NCc1ccc2c(c1)nc(-c1ccc(O)cc1)n2-c1cc(C(=O)NC)ccc1C,0
894,CC[C@@H](CO)NCc1cccc2nc(-c3ccc(NC(C)=O)cc3)n(-c3cc4ccccc4cc3C(=O)NC)c12,0
895,CC[C@@H](NC(=O)c1cc(-c2cccc(CN3C[C@@H](Oc4cccc(F)c4)C[C@H]3C(=O)NC)c2)ccc1Cl)c1ccccc1,0
896,CC[C@@H](NC(=O)c1cc(-c2ccccc2CN2CCCN(Cc3cc(C(=O)NC)ccc3F)CC2)ccc1Cl)c1ccccc1,0
897,CC[C@@H](NCc1c(O)ccc2nc(C(OC)C(C)C)n(-c3c(OC)cccc3C(=O)NC)c12)C(N)=O,0
898,CC[C@@H](NCc1c(O)ccc2nc(C3(C)CCC(C)(C)CC3)n([C@@H]3C[C@@H]3C(=O)NC)c12)C(N)=O,0
899,CC[C@@H](NCc1ccc2c(c1)nc(C1(C)COCc3ccccc31)n2[C@@H]1CC[C@H](C(=O)NC)C1)C(=O)N(C)C,0
900,CC[C@@H](NCc1cccc2nc(-c3ccncc3)n([C@@H]3C[C@H]3C(=O)NC)c12)C(N)=O,0
901,CC[C@@H](NCc1cccc2nc(C3CC3C(C)(C)C)n(-c3c(C)cc(C(=O)NC)cc3C)c12)C(=O)N(C)C,0
902,CC[C@@H](NCc1cccc2nc(CN(C(=O)OC)c3ccccc3)n(-c3c(C)cc(C(=O)NC)cc3C)c12)C(=O)N(C)C,0
903,CC[C@@H](O)CNC(=O)c1cccc(-c2ccc(CN3CCC[C@H]3C(=O)NCC(=O)NC)cc2)c1,0
904,CC[C@@H](O)CNCc1c(O)ccc2nc([C@@H]3CCO[C@H]3c3nccn3CC)n(-c3ccc(OC)c(C(=O)NC)c3)c12,0
905,CC[C@@H](O)CNCc1cccc2nc(-c3cn(C)nc3-c3ccc(F)cc3)n([C@H]3C[C@@H](C(=O)NC)C3)c12,0
906,CC[C@@H](OCCNCc1ccc2c(c1)nc([C@H]1CC1(C)C)n2-c1ccc(C(=O)NC)c(C)c1)c1ccccc1,0
907,CC[C@@H](OCCNCc1cccc2nc(C(C)(C)C3CCCO3)n([C@@H]3CC[C@H](C(=O)NC)C3)c12)c1ccccc1,0
908,CC[C@@H](OCCNCc1cnc2c(c1)nc(C1=COCCC1)n2[C@@H]1C[C@@H]1C(=O)NC)c1ccccc1,0
909,CC[C@@](C)(NCc1ccc2c(c1)nc(-c1cccc(OC)n1)n2-c1ccc(C(=O)NC)c(C)c1)c1ccccc1,0
910,CC[C@@](C)(NCc1ccc2c(c1)nc(-c1ccccc1C)n2[C@H]1CC[C@@H](CC(=O)NC)CC1)c1ccccc1,0
911,CC[C@@](C)(NCc1cccc2nc(C3=CCCOC3)n(-c3cc4ccccc4cc3C(=O)NC)c12)c1ccccc1,0
912,CC[C@@](C)(NCc1cccc2nc(C3CCC(F)(F)C3)n([C@H]3C[C@H](C(=O)NC)C3)c12)c1ccccc1,0
913,CC[C@@](C)(NCc1cccc2nc(CCc3ccc(C)nc3)n([C@H](CC(=O)NC)c3ccc(OC)cc3)c12)c1ccccc1,0
914,CC[C@@](C)(NCc1cnc2c(c1)nc(Cc1ccc(F)c(C)c1)n2[C@@H]1CC[C@@H](C(=O)NC)C1)c1ccccc1,0
915,CC[C@H](C)CNCc1cccc2nc(-c3cc(Cl)c(O)c(OC)c3)n(CCC(=O)NC)c12,0
916,CC[C@H](C)CNCc1cccc2nc(-c3cccc(OC)c3OCc3ccccc3)n(-c3ccc(C(=O)NC)cc3)c12,0
917,CC[C@H](C)CNCc1cccc2nc([C@]34CCC[C@H]3OCC4)n([C@H](CC(=O)NC)Cc3ccccc3)c12,0
918,CC[C@H](C)CNCc1cnc2c(c1)nc(C1CCCCN(C)C1=O)n2[C@H]1CCC[C@H]1C(=O)NC,0
919,CC[C@H](CO)NC(=O)C(C)Oc1ccc(CN2CCN(Cc3cccc(CC(=O)NC)c3)C[C@@H]2C(C)C)cc1Cl,0
920,CC[C@H](CO)NC(=O)CCOc1ccccc1CN1CCCCC1C(=O)NC,0
921,CC[C@H](CO)NCc1cnc(Nc2cc(C(=O)NC)ccc2C)c([N+](=O)[O-])c1,0
922,CC[C@H](NCc1c(O)ccc2nc(C3(C)CCC3)n(-c3ccc(C)c(C(=O)NC)c3)c12)C(C)C,0
923,CC[C@H](NCc1cnc2c(c1)nc(-c1nc3ccccc3n1CC)n2[C@@H](CC(=O)NC)Cc1ccccc1)C(C)C,0
924,CC[C@H](O)CNCc1cnc2c(c1)nc(-c1ccc(C(=O)N3CCCC3)cc1)n2[C@@H](CC(=O)NC)Cc1ccccc1,0
925,CC[C@H](O)CNCc1cnc2c(c1)nc(C(OC)C(C)C)n2[C@H]1CC[C@H](C(=O)NC)CC1,0
926,CC[C@](C)(O)C#Cc1ccc(Sc2ccc(NC(=O)c3nc4cc(Cl)ccc4n3C)cc2C(=O)N2CCN(CC(=O)NC)CC2)cc1,0
927,CC[C@](C)(c1ccccc1)N(C)Cc1ccc2c(c1)nc(-c1ccc(OC)cc1F)n2[C@@H]1C[C@H]1C(=O)NC,0
928,CC[C@](C)(c1ccccc1)N(C)Cc1cccc2nc(-c3ccc4c(c3)CCC4)n(-c3ccc(C(=O)NC)cc3)c12,0
929,CC[C@](C)(c1ccccc1)N(C)Cc1cccc2nc(-c3ccns3)n(C3CC4(CC(C(=O)NC)C4)C3)c12,0
930,CC[C@](C)(c1ccccc1)N(C)Cc1cccc2nc(-c3cn(C)nc3-c3ccc(F)cc3)n([C@H]3CCC[C@@H](C(=O)NC)C3)c12,0
931,CC[C@](C)(c1ccccc1)N(C)Cc1cccc2nc(C(OC)C(C)C)n(-c3cc4ccccc4cc3C(=O)NC)c12,0
932,CC[C@](C)(c1ccccc1)N(C)Cc1cccc2nc(C3CCCC(C)C3)n([C@H]3CC[C@@H](C(=O)NC)CC3)c12,0
933,CC[C@](C)(c1ccccc1)N(C)Cc1cccc2nc(CC(C)(O)C3CCOCC3)n([C@H](CC(=O)NC)Cc3ccccc3)c12,0
934,CCc1cc(CN2CCN(C(C(=O)NCCC(=O)NC)c3cccc(C#CC4(O)c5ccccc5-c5ccccc54)c3)CC2)[nH]n1,0
935,CCc1ccc(-c2c[nH]nc2-c2nc3cc(CN(CCO)C(C)C)ccc3n2[C@H]2CC[C@H](C(=O)NC)C2)cc1,0
936,CCc1ccc(-c2c[nH]nc2-c2nc3cc(CN4CC[C@@](C)(O)C4)cnc3n2[C@@H](CC(=O)NC)Cc2ccccc2)cc1,0
937,CCc1ccc(-c2c[nH]nc2-c2nc3cc(CNC[C@H]4CC(=O)N(C5CC5)C4)cnc3n2[C@H](CC(=O)NC)c2ccc(OC)cc2)cc1,0
938,CCc1ccc(-c2c[nH]nc2-c2nc3cc(CNCc4cnn(C)c4)cnc3n2[C@H]2c3ccccc3C[C@H]2C(=O)NC)cc1,0
939,CCc1ccc(-c2c[nH]nc2-c2nc3ccc(O)c(CNCc4noc(C(=O)N5CC[C@H](O)C5)n4)c3n2[C@H]2c3ccccc3C[C@H]2C(=O)NC)cc1,0
940,CCc1ccc(-c2c[nH]nc2-c2nc3cccc(CN[C@@H]4CCc5ccccc54)c3n2[C@H]2CC[C@H](C(=O)NC)C2)cc1,0
941,CCc1ccc(-c2c[nH]nc2CNCc2cc3c(Cc4ccccc4-c4cccc(C(=O)N5CCC(C(=O)NC)C5)c4)c[nH]c3cc2C)cc1,0
942,CCc1ccc(-c2c[nH]nc2CNc2cccc(-c3cccc4c(Cc5cccc(OC)c5OC(C)C(=O)NCCC(=O)NC)c[nH]c34)c2)cc1,0
943,CCc1ccc(-c2nc3cc(CN(C)CCCC(C)(C)O)ccc3n2[C@H]2CC[C@@H](CC(=O)NC)CC2)cc1,0
944,CCc1ccc(-c2nc3cc(CN4CCC(Cn5ccnn5)CC4)cnc3n2-c2ccc(OC)c(C(=O)NC)c2)nc1,0
945,CCc1ccc(-c2nc3cc(CNCC4(c5ccc(Cl)cc5)CC4)cnc3n2[C@H]2c3ccccc3C[C@H]2C(=O)NC)nc1,0
946,CCc1ccc(-c2nc3cc(CNCCN4CCN(C)CC4)ccc3n2[C@H](CC(=O)NC)C2CC2)cn1,0
947,CCc1ccc(-c2nc3cc(CNCCc4ccccc4C)cnc3n2CCC(=O)NC)cn1,0
948,CCc1ccc(-c2nc3cc(CNCCc4nccs4)cnc3n2[C@H]2CC[C@H](CC(=O)NC)CC2)cn1,0
949,CCc1ccc(-c2nc3cc(CNC[C@H](CC)c4ccccc4)ccc3n2-c2ccc(C(=O)NC)c(OC)c2)cc1,0
950,CCc1ccc(-c2nc3cc(CNCc4ccc(N)c(C(F)(F)F)c4)ccc3n2[C@@H]2CC[C@H](C(=O)NC)C2)cc1,0
951,CCc1ccc(-c2nc3cc(CN[C@@H](CO)C(C)C)cnc3n2[C@@H]2C[C@H]2C(=O)NC)cn1,0
952,CCc1ccc(-c2nc3cc(CN[C@H]4CCc5ncccc54)cnc3n2[C@@H]2C[C@@H]2C(=O)NC)cn1,0
953,CCc1ccc(-c2nc3ccc(O)c(CN(C)Cc4nc5c(s4)CCCC5)c3n2-c2ccc(C(=O)NC)cc2C)cn1,0
954,CCc1ccc(-c2nc3ccc(O)c(CN4CCc5ccccc5[C@H]4C4CC4)c3n2[C@H]2CC[C@@H](C(=O)NC)CC2)cc1,0
955,CCc1ccc(-c2nc3ccc(O)c(CNCCCN4CCN(C)CC4)c3n2[C@H]2C[C@H](C(=O)NC)C2)cn1,0
956,CCc1ccc(-c2nc3ccc(O)c(CNCc4ccc(N)c(C(F)(F)F)c4)c3n2[C@H]2CCC[C@H]2C(=O)NC)cc1,0
957,CCc1ccc(-c2nc3ccc(O)c(CNCc4cnc5c(c4)CCC5)c3n2[C@@H]2CC[C@H](C(=O)NC)C2)cc1,0
958,CCc1ccc(-c2nc3ccc(O)c(CNc4ccc(C)c(S(N)(=O)=O)c4)c3n2[C@H]2CC[C@@H](C(=O)NC)C2)nc1,0
959,CCc1ccc(-c2nc3cccc(CN4C[C@H](C)C[C@H](C)C4)c3n2[C@H]2CCC[C@@H](C(=O)NC)C2)cn1,0
960,CCc1ccc(-c2nc3cccc(CNCCCN(C)C)c3n2-c2cccc(C(=O)NC)c2)nc1,0
961,CCc1ccc(-c2nc3cccc(CNCc4ccncc4)c3n2C2CC3(CC(C(=O)NC)C3)C2)cc1,0
962,CCc1ccc(-c2nc3cccc(CNCc4ncccc4F)c3n2CCC(=O)NC)cc1,0
963,CCc1ccc(-c2nc3cccc(CN[C@@H]4CNC(=O)C4)c3n2[C@H]2c3ccccc3C[C@H]2C(=O)NC)cc1,0
964,CCc1ccc(-c2nc3cccc(CN[C@H](C)C(=O)N(C)C)c3n2[C@H]2CCC[C@@H](C(=O)NC)C2)cn1,0
965,CCc1ccc(CCNCc2ccc3c(c2)nc(C2(c4ccccc4F)CC2)n3[C@@H]2CC[C@@H](C(=O)NC)C2)cc1,0
966,CCc1ccc(CCNCc2cccc3nc(C(CC(C)C)OC)n([C@H]4CC[C@@H](C(=O)NC)C4)c23)cc1,0
967,CCc1ccc(CN(C)C(=O)C(Oc2ccc(CN3CCC(c4noc([C@H]5CC[C@H](C(=O)NC)CC5)n4)CC3)cc2)c2ccccc2)nc1,0
968,CCc1ccc(CN(C)C(=O)c2ccc(-c3ccc(CN(C)[C@@H]4CCN(Cc5cccc(C(=O)NC)c5)C4)cc3)c(F)c2)cn1,0
969,CCc1ccc(CN(C)Cc2c(O)ccc3nc(C(OC)C(C)C)n([C@H]4CCC[C@@H](C(=O)NC)C4)c23)nc1,0
970,CCc1ccc(CN(C)Cc2ccc3c(c2)nc(-c2ccc(N4CCOCC4)s2)n3[C@@H]2CC[C@H](C(=O)NC)C2)cn1,0
971,CCc1ccc(CN(C)Cc2ccc3c(c2)nc(-c2ccc(O)cc2Cl)n3-c2ccc(C)c(C(=O)NC)c2)nc1,0
972,CCc1ccc(CN(C)Cc2ccc3c(c2)nc(-c2ccc(OC)cc2OC)n3-c2ccc(C)c(C(=O)NC)c2)cn1,0
973,CCc1ccc(CN(C)Cc2ccc3c(c2)nc(-c2cnc4ccc(Cl)cn24)n3[C@H]2CC[C@@H](CC(=O)NC)CC2)cn1,0
974,CCc1ccc(CN(C)Cc2cccc3nc(-c4cccc(-c5ccccc5)c4)n(CC4(C(=O)NC)CC4)c23)cn1,0
975,CCc1ccc(CN(C)Cc2cccc3nc(-c4cnc5sccn45)n(-c4ccc(C(=O)NC)c(C)c4)c23)cn1,0
976,CCc1ccc(CN(C)Cc2cccc3nc(C4(S(=O)(=O)NC(C)(C)C)CCC4)n(CC4(C(=O)NC)CC4)c23)cn1,0
977,CCc1ccc(CN(C)Cc2cnc3c(c2)nc(-c2ncc(C)o2)n3[C@H](CC(=O)NC)c2ccccc2)nc1,0
978,CCc1ccc(CN(C)Cc2cnc3c(c2)nc(C(C)(C)C)n3-c2ccc(C(=O)NC)c(OC)c2)cn1,0
979,CCc1ccc(CNC(=O)C(Oc2cccc(CN3Cc4ccccc4[C@H]3C(=O)NC)c2)c2ccccc2)cn1,0
980,CCc1ccc(CNC(=O)COc2ccc3ccccc3c2CN2CCOCC2C(=O)NC)cn1,0
981,CCc1ccc(CNc2ccc(C(=O)N3CCN(CC(=O)NC)CC3)c(C#CC(C)(C)OCc3ccccc3)c2)o1,0
982,CCc1cccc(-c2n[nH]c3ncc(C(=O)N4CCN(C)[C@@H](C(=O)NC)C4)cc23)c1,0
983,CCc1cccc(C)c1NC(=O)Nc1ccc2[nH]c(C)c(Cc3ccc(-c4cccc(C(=O)NCCC(=O)NC)c4)cc3)c2c1F,0
984,CCc1cccc(NC(=O)N2C[C@H](C(=O)N3CCC(C(=O)NC)CC3)[C@@H](c3cccc(-c4ccc5cn[nH]c5c4)c3)C2)c1,0
985,CCc1cccc(NC(=O)Nc2ccc3c(Cc4cn(CCCC(=O)N5CCC(C(=O)NC)C5)c5ccccc45)c(C)[nH]c3c2)c1,0
986,CCc1cccc2c(Cc3c(-c4cccc(NCc5c(-c6ccccc6)noc5C)c4)[nH]c4ccccc34)cn(CCCC(=O)NCCC(=O)NC)c12,0
987,CCc1cccc2c(Cc3c(-c4ccccc4NC(=O)C(C)c4ccc(C(=O)c5cccs5)cc4)[nH]c4ccccc34)cn(CCCC(=O)N3CCC(CC(=O)NC)C3)c12,0
988,CCc1cccc2c(Cc3c(-c4ccccc4NCc4ccnc(N5CCOCC5)c4)[nH]c4ccccc34)cn([C@H](C)C(=O)NC3CCC(C(=O)NC)CC3)c12,0
989,CCc1cccc2c(Cc3c(C(C)NC(=O)CNC(=O)c4cccnc4)[nH]c4ccc(Br)cc34)cn(CCCC(=O)NC)c12,0
990,CCc1cccc2c(Cc3c(C(C)NS(=O)(=O)c4cccc(C)c4)[nH]c4ccccc34)cn([C@H](C)C(=O)N3CCC(CCC(=O)NC)CC3)c12,0
991,CCc1cccc2c(Cc3c(C(Cc4ccccc4)NCc4cccc(OC)c4OCc4ccccc4)[nH]c4ccccc34)cn([C@H](C)C(=O)NCCOCCOCCOCCOCCC(=O)NC)c12,0
992,CCc1cccc2c(Cc3c(C)[nH]c4ccc(NC(=O)C5CCCN(S(=O)(=O)c6cccs6)C5)cc34)cn([C@H](C)C(=O)N3CCC(CC(=O)NC)C3)c12,0
993,CCc1cccc2c(Cc3c(C)[nH]c4ccc(NCc5cnccc5C(F)(F)F)c(F)c34)cn([C@H](C)C(=O)NC3CCC(C(=O)NC)CC3)c12,0
994,CCc1cccc2c(Cc3c(C)[nH]c4cccc(NC(=O)CCn5c(C)c(CN(C)C)c6ccccc65)c34)cn([C@H](C)C(=O)NC)c12,0
995,CCc1cccc2c(Cc3c(C4CC4)[nH]c4ccc(NC(=O)NCC5CCOCC5)cc34)cn(CCCC(=O)NCCOCCOCCOCCOCCC(=O)NC)c12,0
996,CCc1cccc2c(Cc3c(C4CC4)[nH]c4ccc(NC(=O)c5snnc5-c5ccc(OC)cc5)cc34)cn(CCCC(=O)N3CCC(C(=O)NC)C3)c12,0
997,CCc1cccc2c(Cc3c(CNCCC(C)O)[nH]c4ccc(Cl)cc34)cn(CCCC(=O)NC3CCC(C(=O)NC)CC3)c12,0
998,CCc1cccc2c(Cc3c[nH]c4c(-c5cccc(NCCCc6ccc(OC)cc6)c5)cccc34)cn(CCCC(=O)N3CCC(C(=O)NC)CC3)c12,0
999,CCc1cccc2c(Cc3c[nH]c4c(C(C)NC(=O)C5CCN(S(=O)(=O)c6cccs6)CC5)cccc34)cn(CCCC(=O)NCCOCCOCCOCCOCCC(=O)NC)c12,0
